-- phpMyAdmin SQL Dump
-- version 4.6.6
-- https://www.phpmyadmin.net/
--
-- Host: localhost
-- Generation Time: Apr 21, 2017 at 09:57 AM
-- Server version: 10.1.20-MariaDB
-- PHP Version: 7.0.8

SET SQL_MODE = "NO_AUTO_VALUE_ON_ZERO";
SET time_zone = "+00:00";


/*!40101 SET @OLD_CHARACTER_SET_CLIENT=@@CHARACTER_SET_CLIENT */;
/*!40101 SET @OLD_CHARACTER_SET_RESULTS=@@CHARACTER_SET_RESULTS */;
/*!40101 SET @OLD_COLLATION_CONNECTION=@@COLLATION_CONNECTION */;
/*!40101 SET NAMES utf8mb4 */;

--
-- Database: `id1033922_abcmovies`
--

-- --------------------------------------------------------

--
-- Table structure for table `banner`
--

CREATE TABLE `banner` (
  `id` int(11) NOT NULL,
  `name` varchar(256) NOT NULL,
  `picture` varchar(256) NOT NULL,
  `status` tinyint(1) NOT NULL
) ENGINE=InnoDB DEFAULT CHARSET=latin1;

--
-- Dumping data for table `banner`
--

INSERT INTO `banner` (`id`, `name`, `picture`, `status`) VALUES
(5, 'kong skull island', './pictures/banner/kong-banner-2.jpg', 0),
(6, 'galih dan ratna', './pictures/banner/galihratna_s.png', 0),
(7, 'beauty and the beast', './pictures/banner/new_beauty_and_the_beast__2017__banner_poster_by_artlover67-davww9h.jpg', 0),
(9, 'logan', './pictures/banner/wolverine-last-time-banner.jpg', 0),
(10, 'boss babby', './pictures/banner/Boss-Baby.jpg', 1),
(11, 'ghost in the shell', './pictures/banner/ghost_in_the_shell_banner-1.jpg', 0),
(12, 'fast and furious 8', './pictures/banner/fast--furious-8-banner.jpg', 1),
(13, 'power rangers', './pictures/banner/Power-Rangers-character-banners-1.jpg', 0),
(14, 'miss sloane', './pictures/banner/552_banner.jpg', 0),
(15, 'the guys', './pictures/banner/The-Guys-e1491820021108.jpg', 1);

-- --------------------------------------------------------

--
-- Table structure for table `film`
--

CREATE TABLE `film` (
  `id` int(11) NOT NULL,
  `title` varchar(256) NOT NULL,
  `summary` text,
  `genre` varchar(256) DEFAULT NULL,
  `year` year(4) DEFAULT NULL,
  `playing_date` date DEFAULT NULL,
  `length` smallint(3) DEFAULT NULL,
  `director` varchar(256) DEFAULT NULL,
  `writer` varchar(256) DEFAULT NULL,
  `actors` varchar(256) DEFAULT NULL,
  `poster` varchar(256) DEFAULT NULL,
  `trailer` varchar(256) DEFAULT NULL,
  `imdb_id` varchar(12) DEFAULT NULL,
  `imdb_rating` float DEFAULT NULL,
  `metascore` int(2) DEFAULT NULL COMMENT 'from metacritic.com',
  `twitter_positif` int(6) DEFAULT '0',
  `twitter_negatif` int(6) DEFAULT '0',
  `rating` float DEFAULT '0',
  `status` tinyint(1) NOT NULL DEFAULT '3' COMMENT '0 for Coming Soon, 1 for Now Playing, 2 for Old Movies, 3 for Unchecked Coming Soon, 4 for Unchecked Now Playing'
) ENGINE=InnoDB DEFAULT CHARSET=latin1;

--
-- Dumping data for table `film`
--

INSERT INTO `film` (`id`, `title`, `summary`, `genre`, `year`, `playing_date`, `length`, `director`, `writer`, `actors`, `poster`, `trailer`, `imdb_id`, `imdb_rating`, `metascore`, `twitter_positif`, `twitter_negatif`, `rating`, `status`) VALUES
(1, 'GHOST IN THE SHELL', 'Motoko Kusanagi (Scarlett Johansson) adalah seorang agen cyborg yang hidup di era tahun 2029 dimana robot-robot dengan kecerdasan buatan hidup berdampingan dengan manusia. \r\n\r\nKusanagi dan sejumlah anggota tim keamanan, Public Security Section 9 memiliki kewajiban untuk menghentikan kejahatan yang dilakukan oleh hacker terkenal, the Puppet Master dan mengantisipasi pergerakan dari penjahat misterius yang ingin menghancurkan perkembangan teknologi dari Hanka Robotic.', 'Action, Drama, Sci-fi', 2017, '2017-03-29', 120, 'Rupert Sanders', 'William Wheeler', 'Scarlett Johansson, Michael Pitt, Juliette Binoche', 'http://www.21cineplex.com/data/gallery/pictures/148912889080786_300x430.jpg', '<iframe width=\"854\" height=\"480\" src=\"https://www.youtube.com/embed/G4VmJcZR0Yg\" frameborder=\"0\" allowfullscreen></iframe>', 'tt0113568', 8, 0, 0, 0, 0, 2),
(2, 'MISS SLOANE', 'Elizabeth Sloane (Jessica Chastain) adalah pelobi politik yang handal dan terkenal di Washington D.C. Strategi politiknya selalu berhasil mengalahkan lawan-lawannya.\r\n\r\nNamun sebuah kasus akan membawanya pada suatu dilema. Ia berada di posisi sulit saat sebuah Undang-undang kepemilikan senjata api sedang diuji. Elizabeth menjadi salah satu pelobi di pihak yang tengah berseteru akan Undang-undang tersebut.', 'Drama, Thriller', 2016, '2016-12-09', 132, 'John Madden', 'Jonathan Perera', 'Jessica Chastain, Gugu Mbatha-Raw, Michael Stuhlbarg, John Lithgow', 'https://images-na.ssl-images-amazon.com/images/M/MV5BMTAyODY4Njc4MjBeQTJeQWpwZ15BbWU4MDI0NTIzMDAy._V1_SX300.jpg', '<iframe width=\"854\" height=\"480\" src=\"https://www.youtube.com/embed/AMUkfmUu44k\" frameborder=\"0\" allowfullscreen></iframe>', 'tt4540710', 6.6, 63, 20, 16, 0, 1),
(3, 'THE BOSS BABY', 'Berkisah tentang kehidupan seorang bayi yang tampak berbeda dari bayi pada umumnya. Ia nakal, keras kepala, selalu mengenakan jas, membawa koper dan kopi adalah minuman kesukaanya. \r\n\r\nDi balik penampilannya, Boss Baby adalah utusan dari Baby Corp. Perusahaan yang bertugas untuk menyelidiki dan menghentikan bisnis dari Puppy Co., sebuah organisasi yang berniat untuk melemahkan bisnis makanan bayi demi keuntungan bisnis makanan hewan.', 'Animation, Comedy, Family', 2017, '2017-03-31', 0, 'Tom McGrath', 'Marla Frazee (book), Michael McCullers (screenplay)', 'Miles Christopher Bakshi, Alec Baldwin, Eric Bell Jr., Steve Buscemi', 'http://www.21cineplex.com/data/gallery/pictures/148939461451821_300x430.jpg', '<iframe width=\"854\" height=\"480\" src=\"https://www.youtube.com/embed/tquIfapGVqs\" frameborder=\"0\" allowfullscreen></iframe>', 'tt3874544', 4.7, 0, 18, 13, 0, 1),
(4, 'FAST AND FURIOUS 8', 'Dalam seri ke delapan dari franchise Fast and Furious, Dom (Vin Diesel) akan mengkhianati teman-temannya dan bekerjasama dengan teroris bernama Chiper (Charlize Theron).\r\n\r\nTak lama setelah itu, tim yang tersisa direkrut oleh pasukan agen rahasia pemerintah pimpinan Frank Petty (Kurt Russel). Tugas mereka adalah menghentikan aksi teror yang direncanakan oleh Dom dan Chiper.', 'Action, Crime, Thriller', 2017, '2017-05-24', 130, 'F. Gary Gray ', 'Chris Morgan, Gary Scott Thompson (characters)', 'Vin Diesel, Dwayne Johnson, Jason Statham', 'http://www.21cineplex.com/data/gallery/pictures/148905122668489_452x647.jpg', '<iframe width=\"854\" height=\"480\" src=\"https://www.youtube.com/embed/19uRZ0vVVbA\" frameborder=\"0\" allowfullscreen></iframe>', 'tt1905041', 7.1, 61, 26, 27, 0, 1),
(5, 'LIFE', 'Enam orang astronot dipilih untuk ditempatkan di stasiun luar angkasa internasional. Pada awalnya mereka bersemangat ketika sebuah robot penjelajah menemukan menemukan bukti pertama yang menandakan kehidupan di Mars. Para astronot yang terbuai oleh kesuksesan mereka tidak menyadari jika kehidupan yang mereka temukan merupakan ancaman bagi umat manusia.', 'Horror, Sci-fi, Thriller', 2017, '2017-02-05', 108, 'Daniel Espinosa', 'Robert Ramsey, Matthew Stone', 'Jake Gyllenhaal, Rebecca Ferguson, Ryan Reynolds', 'http://www.21cineplex.com/data/gallery/pictures/148879301615406_300x430.jpg', '<iframe width=\"854\" height=\"480\" src=\"https://www.youtube.com/embed/cuA-xqBw4jE\" frameborder=\"0\" allowfullscreen></iframe>', 'tt0123964', 6.7, 63, 0, 0, 0, 2),
(6, 'GOLD', 'Kenny Wells (Matthew McConaughey) adalah seorang pebisnis yang mengalami kesulitan finansial. Kenny berusaha merubah peruntungannya dengan mencari tambang emas di hutan yang belum di petakan di wilayah Kalimantan, Indonesia.\r\n\r\nBersama temannya Michael Acosta (Edgar Ramirez) ahli geologi, Kenny menelusuri belantara hutan demi impiannya.', 'Adventure, Drama, Thriller', 2017, '2017-01-27', 120, 'Stephen Gaghan', 'Patrick Massett, John Zinman', 'Matthew McConaughey, Edgar Ramírez, Bryce Dallas Howard, Corey Stoll', 'https://images-na.ssl-images-amazon.com/images/M/MV5BNjEwNzMzMDI4Nl5BMl5BanBnXkFtZTgwMTM2ODkwMTI@._V1_SX300.jpg', '<iframe width=\"854\" height=\"480\" src=\"https://www.youtube.com/embed/IhYROWOayLw\" frameborder=\"0\" allowfullscreen></iframe>', 'tt1800302', 6.6, 49, 0, 0, 0, 0),
(7, 'PERFECT DREAM', 'Bagi DIBYO keberhasilan diukur dari seberapa besar ia mampu memenuhi ambisi hidupnya. Dari kehidupan jalanan menjalankan bisnis gelap, Dibyo berhasil menikahi Lisa, putri Marcel Himawan, seorang pengusaha besar di kalangan elite Surabaya. Dibyo bahkan berhasil mengembalikan kejayaan bisnis Marcel. \r\n\r\nHarta berlimpah tak membuat Dibyo puas. Ambisi Dibyo adalah menguasai wilayah lawan bisnisnya, Hartono si mafia nomor satu. Pertikaian antar-geng pun tak terelakkan.\r\n\r\nAmbisi Dibyo makin meluap setelah mengenal Rina, pemilik galeri foto yang mampu memberi kehangatan cinta seorang ibu yang tak pernah Dibyo dapatkan selama ini. \r\n\r\nLisa harus memilih, mengikuti ambisi suaminya atau berjuang mempertahankan keutuhan keluarga yang ia cintai!', 'Drama', 2017, '2017-03-20', 0, 'Hestu Saputra', 'Sinung Winahyo, Hestu Saputra', 'Rara Nawangsih, Tissa Biani Azzahra, Wulan Guritno, Olga Lydia', 'http://www.21cineplex.com/data/gallery/pictures/148834342534292_300x430.jpg', '<iframe width=\"854\" height=\"480\" src=\"https://www.youtube.com/embed/Ocd9naaBprI\" frameborder=\"0\" allowfullscreen></iframe>', 'tt6522380', 0, 0, 0, 0, 0, 2),
(9, 'BEAUTY AND THE BEAST', 'Ketika Belle (Emma Watson) pergi untuk mencari ayahnya, Maurice (Kevin Kline), ia menemukan jika ayahnya disekap di dalam sebuah kastil tua oleh The Beast (Dan Stevens). Belle kemudian bertukar tempat sebagai tahanan demi membebaskan ayahnya. \r\n \r\nGadis itu terkejut ketika menyadari jika benda-benda di dalam kastil itu hidup dan dapat berbicara. Benda-benda tersebut memberitahu jika watak Beast tidaklah seburuk penampilannya. Ketika ia mulai dekat dengan Beast, para penduduk kota telah melakukan persiapan untuk menolong sang gadis.', 'Animation, Family, Fantasy', 2017, '2017-03-23', 129, 'Bill Condon ', 'Evan Spiliotopoulos, Stephen Chbosky', 'Emma Watson, Dan Stevens, Luke Evans, Josh Gad', 'http://www.21cineplex.com/data/gallery/pictures/148816706164595_452x647.jpg', '<iframe width=\"854\" height=\"480\" src=\"https://www.youtube.com/embed/e3Nl_TCQXuw\" frameborder=\"0\" allowfullscreen></iframe>', 'tt0101414', 8, 95, 24, 32, 0, 2),
(10, 'MOON CAKE STORY', 'David adalah seorang pengusaha muda yang menjadi taipan dan berada pada puncak keberhasilan bisnisnya. Di sisi lain, Asih adalah seorang wanita yang hidup di tengah kampung kumuh Jakarta dengan bekerja serabutan dari joki 3 in 1 dan mencuci dari toko laundry. Asih harus menjadi tulang punggung bagi anak dan adiknya di tengah beragam persoalan Jakarta yang penuh kisah-kisah kemanusiaan. Asih menjadi perempuan yang selalu bertanya: mampukah mengubah kemiskinan, namun juga mempertahankan prinsip hidup? \r\n\r\nSementara, David lalu bertanya berulang kali pada dirinya: Kenapa penyakit terjadi pada dirinya, justru di tengah puncak suksesnya? Dan kenapa dirinya seperti didorong ke ingatan masa lampau ketika dirinya hidup miskin bersama ibunya? \r\n\r\nKisah film ini dimulai ketika David harus melewati jalan 3 in 1 agar cepat sampai ke kantornya dengan supirnya, David tanpa sengaja tertarik pada sosok joki bernama Asih yang menggandeng anaknya, Bimo (12 tahun). \r\n\r\nKisah pun berlanjut. David menemui kembali Asih untuk memberi uang bayaran joki yang belum terbayar, namun yang terjadi kemudian, pertemuan demi pertemuan tanpa sengaja membawa David mengenal Asih, Bimo, dan Sekar, adik Asih, serta kehidupan lingkungan kampung kumuh tempat tinggal Asih di belakang jalan menuju 3 in 1.\r\n\r\nDavid yang dalam proses kehilangan ingatan, justru semakin terbawa memori masa kecilnya, terlebih David menemukan sosok Asih sebagai sosok ibunya yang bekerja keras untuk menghidupi David dan Kakak nya Aline kesedihan dan kegembiraan selalu meliputi kehidupan keluarga David .. dalam menjalani hidup di kota besar Ibu David adalah, sosok ibu tunggal yang mampu hidup di tengah kemiskinan dan merawat David dengan prinsip-prinsip hidup tentang manusia dan kerja.\r\n\r\nSementara, Asih lewat David menemukan keindahan mengubah dan membangun hidupnya dan keluarganya tanpa kehilangan prinsip hidup. Sebuah nilai hidup yang perlu ditumbuhkan di kota-kota besar, ketika kemanusiaan terkubur oleh kekerasan kompetisi hidup kota besar… Film yang memberikan arti hidup dalam menjalani keras nya Ibukota.', 'Animation, Family, Fantasy', 1991, '1991-11-22', 84, 'Garin Nugroho', 'Garin Nugroho', 'Bunga Citra Lestari, Morgan Oey, Dominique Diyose, Melati Zein', 'http://www.21cineplex.com/data/gallery/pictures/148792288417018_300x430.jpg', '<iframe width=\"854\" height=\"480\" src=\"https://www.youtube.com/embed/KjqRVPp07NU\" frameborder=\"0\" allowfullscreen></iframe>', 'tt0101414', 8, 95, 0, 0, 0, 2),
(11, 'DEAR NATHAN', 'Tidak ada hal yang sangat diinginkan SALMA di sekolah barunya selain focus pada belajar dan menunjukkan prestasinya. Sebagai murid pindahan di SMA Garuda, Salma berusaha selektif memilih teman. Sayangnya pagi itu Salma terlambat datang dan seorang siswa yang tidak kenal menolongnya menyelinap kesekolah dan menyelamatkannya dari hukuman terlambat upacara bendera. Belakangan Salma tahu bahwa siswa penolong itu bernama NATHAN, murid paling berandal seantero sekolah yang hobi tawuran.\r\n\r\nSebagai murid baik-baik, tentu Salma berusaha menjauhi orang macam Nathan. Namun, masalah datang ketika Nathan dengan terang-terangan mengejar cinta Salma dan membuat heboh satu sekolah. Berbagai cara digunakan Salma untuk menghindar, tapi sepertinya kesempatan-kesempatan tak terduga justru mengantarnya semakin dekat dengan Nathan.\r\n\r\nSaat Salma memahami titik rapuh masa lalu Nathan, dia pun bersimpati dan perlahan jatuh cinta. Saat cinta Salma tumbuh, dia ingin merubah Nathan menjadi Nathan yang baru. Di saat Nathan serius membuka diri untuk diubah oleh Salma, kekasih masa lalu Nathan bernama SELI, datang untuk meminta cinta Nathan kembali.\r\n\r\nAkankah Salma mempertahankan Nathan sebagai cinta pertama dalam hidupnya?', 'Drama', 2017, '2017-03-23', 84, 'Indra Gunawan', 'Bagus Bramanti, Gea Rexy', 'Jefri Nichole, Amanda Rawles, Rayn Wijaya, Diandra Agatha', 'http://www.21cineplex.com/data/gallery/pictures/148732443788212_300x430.jpg', '<iframe width=\"854\" height=\"480\" src=\"https://www.youtube.com/embed/8GIQsLKMBkk\" frameborder=\"0\" allowfullscreen></iframe>', 'tt0101414', 8, 95, 0, 0, 0, 2),
(12, 'BARACAS', 'Bandung geger, oleh adanya pemuda yang terpaksa meninggalkan keluarganya untuk bergabung dengan BARACAS. Baracas adalah merupakan Kelompok Independen yang dibentuk oleh seseorang bernama AGUS untuk menjadi tempat bergabungnya kaum lelaki yang dikecewakan oleh wanita. Mereka meng-klaim dirinya sebagai kaum lelaki yang merana karena adanya peristiwa pengkhianatan, penolakan, dan lain-lain sebagainya. Mereka menghimpun kekuatan dan menyatukan perasaan untuk bersama-sama dengan sengaja melakukan upaya membenci wanita di seluruh dunia dan pada semua unsur yang bersangkutan dengan wanita. Mereka menganggap dirinya sebagai korban wanita. Apa yang sudah dilakukan oleh wanita kepada mereka dinggapnya sebagai kekejaman yang tidak bisa dimaafkan dan menjatuhkan harga diri laki-laki di seluruh dunia. AGUS, pendiri dan sekaligus ketua Baracas adalah mantan pacarnya SARAH, Agus kecewa kepada Sarah karena secara tiba-tiba Sarah memutuskan hubungan mereka. Alhasil Agus geram, Agus marah, tidak cuma ke Sarah tetapi kepada seluruh wanita yang ada di muka bumi ini.\r\n\r\nGerakan-gerakan perlawanan terhadap BARACAS dengan berbagai macam upaya. Mereka merunding pihak polisi dan pemerintahan kota Bandung, sengaja membiarkan Baracas untuk berkembang besar. Itulah sebabnya mereka demo. Itulah sebabnya mereka menuntut polisi untuk menindak anggota Baracas. Bahkan Baracas mendapatkan teror berupa serangan fisik dari orang-orang tertentu untuk merusak markas Baracas dengan menggunakan kekerasan. Perlawanan lain dilakukan juga oleh para wanita yang tak lain adalah para mantan anggota Baracas. Mereka bergabung untuk membuat kekuatan dengan tujuan meluluhkan perasaann anggota Baracas dengan melakukan berbagai cara ampuh untuk mengubah cara berpikir mereka. Mereka dibantu oleh CEU POPONG yang selalu memberi nasihat dan masukan apa-apa saja yang dilakukan oleh para mantan itu. Akankah para mantan itu berhasil meluluhkan perasaan mereka?', 'Comedy', 2017, '2017-03-23', 120, 'Pidi Baiq', 'Pidi Baiq', 'Ringgo Agus Rahman, Ajun Perwira, Stella Cornelia', 'http://www.21cineplex.com/data/gallery/pictures/14873264526232_300x430.jpg', '<iframe width=\"854\" height=\"480\" src=\"https://www.youtube.com/embed/0469OXCxnPQ\" frameborder=\"0\" allowfullscreen></iframe>', 'tt0101414', 8, 95, 5, 11, 0, 2),
(13, 'POWER RANGERS', 'Film yang menjadi seri pertama Power Rangers di abad ke 21 ini akan menampilkan beberapa tokoh utama dari seri Mighty Morphin Power Rangers yang akan diperankan oleh aktor terbaru. \\n \\nBerkisah mengenai lima remaja yang dipersatukan oleh  sebuah insiden yang', 'Action, Adventure, Sci-fi', 2017, '2017-02-23', 120, 'Dean Israelite', 'John Gatins, Matt Sazama, Burk Sharpless, Zack Stentz', 'Elizabeth Banks, Rj Cyler, Naomi Scott, Becky G.', 'http://www.21cineplex.com/data/gallery/pictures/148739512016390_300x430.jpg', '<iframe width=\"854\" height=\"480\" src=\"https://www.youtube.com/embed/5kIe6UZHSXw\" frameborder=\"0\" allowfullscreen></iframe>', 'tt4475970', 7.8, 0, 0, 0, 0, 2),
(15, 'BID\'AH CINTA', 'Hubungan asmara antara Khalida dan Kamal tak direstui oleh dua keluarga yang saling berbeda dan bermusuhan, keluarga mereka mempunyai pemahaman tentang Islam yang berbeda satu sama lain. Islam puritan & Islam tradisional. Persoalan perbedaan pandangan agama ini menyeret hubungan asmara mereka ke dalam pusaran konflik. Khalida adalah anak H. Rohili, seorang yang sangat akrab dengan para pemuda di kampung itu. Di sisi lain, Kamal adalah anak lelaki H. Jamat, seorang haji kaya yang cukup disegani dan menjadi pendukung utama penyebaran Islam puritan di kampung yang dimotori kemenakannya bernama Ustadz Jaiz.\r\n\r\nPerbenturan antara H. Rohili dan H. Jamat pada akhirnya juga membenturkan hubungan Khalida dengan Kamal. Khalida yang dibesarkan dalam ajaran Islam tradisional merasa terganggu dengan perkembangan ini. Sebaliknya, Kamal yang banyak mendapat pengaruh dari ajaran Islam puritan H. Jamat dan berkepentingan dengan pekerjaannya di Yayasan pendidikan yang dipimpin oleh Ustadz Jaiz, merasa bingung dan tertekan dalam posisinya yang sulit. \r\n\r\nDi tengah lingkungan yang tak mungkin diseragamkan dan di mana perbedaaan merupakan suatu keniscayaan, bagaimanakah kelanjutan kisah cinta Khalida dan Kamal? Apakah cinta dapat menghapus segala kebencian yang ada?', 'Drama', 2017, '2017-03-16', 128, 'Casper Van Dien', 'Nurman Hakim', 'Cassi Thomson, Samantha Cope, Casper Van Dien, Randy Wayne', 'http://www.21cineplex.com/data/gallery/pictures/14867100493795_300x430.jpg', '<iframe width=\"854\" height=\"480\" src=\"https://www.youtube.com/embed/_o1fwxzZIuE\" frameborder=\"0\" allowfullscreen></iframe>', 'tt5084204', 5.7, 0, 0, 0, 0, 2),
(16, 'THE SPACE BETWEEN US', 'Sekelompok astronot diutus untuk pergi ke dalam misi penelitian di Mars. Ketika mendarat, salah seorang astronot menemukan jika ia tengah mengandung. Tidak lama kemudian astronot itu meninggal setelah ia melahirkan seorang bayi lelaki. \r\n \r\nEnam belas tahun kemudian, putra dari sang astronot, Gardner Elliot telah tumbuh menjadi seorang remaja yang menghabiskan hidupnya di planet Mars bersama para astronot. Gardner memiliki keinginan untuk bertemu dengan ayah kandungnya di bumi. Sementara itu ia juga menjalani persahabatan dengan Tulsa (Britt Robertson), seorang gadis yang tinggal di Colorado. \r\n \r\nKetika Gardner dan astronot lainnya kembali ke bumi, ia menyadari jika organ tubuhnya tidak terbiasa dengan atmosfir bumi. Ketika dirawat di rumah sakit, Gardner melarikan diri untuk mencari Tulsa. ', 'Adventure, Drama, Romance', 2017, '2017-02-03', 120, 'Peter Chelsom', 'Allan Loeb (screenplay), Stewart Schill (story by), Richard Barton Lewis (story by), Allan Loeb (story by)', 'Gary Oldman, Janet Montgomery, Trey Tucker, Scott Takeda', 'https://images-na.ssl-images-amazon.com/images/M/MV5BNjYzODU1OTkwN15BMl5BanBnXkFtZTgwMDA3MTMwMDI@._V1_SX300.jpg', '<iframe width=\"854\" height=\"480\" src=\"https://www.youtube.com/embed/x73-573aWfs\" frameborder=\"0\" allowfullscreen></iframe>', 'tt3922818', 6.3, 33, 0, 0, 0, 0),
(18, 'TRINITY, THE NEKAD TRAVELER', 'Awalnya TRINITY (Maudy Ayunda) adalah seorang Mbak-mbak kantoran yang hobi traveling sejak kecil. Namun hobinya ini sering terbentur dengan duit pas-pasan dan jatah cuti di kantor. Akibatnya Trinity sering diomeli BOSS (Ayu Dewi). Trinity memiliki sahabat yang punya hobi sama, yakni YASMIN (Rachel Amanda) dan NINA (Anggika Bolsterli), ditambah dengan sepupu Trinity, EZRA (Babe Cabita). Trinity selalu menuliskan pengalamannya dalam sebuah blog berjudul naked-traveler.com.\r\n\r\nDi rumah, BAPAK (Farhan) dan MAMAH (Cut Mini) selalu menanyakan kapan Trinity serius memikirkan jodoh. Tapi Trinity selalu menjawab : nanti kalau semua bucket list sudah terpenuhi. Bucket list adalah daftar hal-hal yang harus Trinity lakukan sebelum tua, kebanyakan sih isinya (lagi-lagi) tentang jalan-jalan. Bapak langsung pusing mendengarnya. Trinity mengalami dilema antara fokus ke pekerjaannya sekarang atau mengejar passion dia yang sebenarnya, hingga kisah cintanya dengan PAUL (Hamish Daud) seorang fotografer tampan yang juga hobi traveling.', 'Drama', 2017, '2017-03-30', 103, 'Rizal Mantovani', 'Rahabi Mandra', 'Maudy Ayunda, Hamish Daud, Babe Cabiita', 'http://www.21cineplex.com/data/gallery/pictures/14860059712454_300x430.jpg', '<iframe width=\"854\" height=\"480\" src=\"https://www.youtube.com/embed/TNOALGw6vqM\" frameborder=\"0\" allowfullscreen></iframe>', 'tt6496236', 0, 0, 0, 0, 0, 2),
(19, 'SHUT IN', 'Mary (Naomi Watts) yang berprofesi sebagai psikolog anak mencoba untuk membangun kehidupnya kembali setelah ia kehilangan suaminya dalam sebuah kecelakaan mobil. Akan tetapi, meskipun putranya yang bernama Stephen(Charlie Heaton) lolos dari maut, kecelakaan tersebut telah membuatnya jatuh ke dalam koma.\r\n \r\nMary yang membuka praktek di rumah mendapatkan seorang pasien baru bernama Tom (Jacob Tremblay), seorang anak yang ibunya baru saja meninggal. Saat mendengar jika Tom akan dibawa ke Boston, Mary memutuskan untuk merawat Tom dirumahnya sendiri. Tidak lama setelah itu, Tom melarikan diri di tengah badai salju dan dinyatakan meninggal oleh yang berwajib, meskipun tubuhnya tidak pernah ditemukan.\r\n \r\nMary yang merasa bersalah atas kematian Tom tiba-tiba mendengar suara dan melihat bayangan anak itu di dalam rumahnya. Kekuatan mental sang psikolog mulai diuji ketika beberapa kejadian misterius mulai bermunculan pada saat badai salju membuatnya terjebak di rumahnya sendiri.', 'Drama, Thriller', 2016, '2016-11-11', 91, 'Farren Blackburn', 'Christina Hodson', 'Naomi Watts, Oliver Platt, Charlie Heaton, Jacob Tremblay', 'https://images-na.ssl-images-amazon.com/images/M/MV5BMjM3MTAyMTE2MV5BMl5BanBnXkFtZTgwMzY5MzM0MDI@._V1_SX300.jpg', '<iframe width=\"854\" height=\"480\" src=\"https://www.youtube.com/embed/G7czL2a5R3c\" frameborder=\"0\" allowfullscreen></iframe>', 'tt2582500', 4.4, 22, 0, 0, 0, 2),
(24, 'BADRINATH KI DULHANIA', 'Badrinath Bansal (Varun Dhawan) dan Vaidehi Trivedi (Alia Bhatt) adalah sepasang muda-mudi yang berasal dari kota kecil. Keduanya bertemu dan saling jatuh hati.\r\n\r\nKisah keduanya rumit saat terjadi perbedaan prinsip. Namun walaupun demikian keduanya tetap saling menaruh hati. Bagaimana akhir kisahnya? Saksikan Badrinath Ki Dulhania di bioskop.', 'Comedy, Drama, Romance', 2017, '2017-03-10', 139, 'Shashank Khaitan', 'Shashank Khaitan', 'Varun Dhawan, Alia Bhatt, Gauhar Khan, Girish Karnad', 'http://www.21cineplex.com/data/gallery/pictures/148905796917849_300x430.jpg', '<iframe width=\"854\" height=\"480\" src=\"https://www.youtube.com/embed/ztX-iGlZ_Ug\" frameborder=\"0\" allowfullscreen></iframe>', 'tt6277440', 0, 0, 0, 0, 0, 2),
(25, 'DANGAL', 'Mahavir Singh Phogat (Aamir Khan) yang pernah menjuarai sebuah turnamen gulat memiliki mimpi untuk memenangkan medali emas untuk kompetisi gulat dunia. Namun, masalah finansial memaksanya pensiun dari karirnya sebagai pegulat profesional. Pada saat itu Phogat mengharapkan jika kelak anak lelakinya dapat meneruskan cita-citanya. Akan tetapi Phogat merasa putus asa setelah istrinya melahirkan empat anak perempuan. Beberapa tahun kemudian ia melihat kedua anak perempuannya, Geeta dan Babita mengalahkan dua orang anak laki-laki. Phogat menyadari bakat mereka dan mulai melatih anak-anaknya menjadi pegulat profesional.', 'Action, Biography, Drama', 2016, '2016-12-21', 161, 'Nitesh Tiwari', 'Piyush Gupta, Shreyas Jain, Nikhil Mehrotra, Nitesh Tiwari', 'Aamir Khan, Sakshi Tanwar, Fatima Sana Shaikh, Sanya Malhotra', 'https://images-na.ssl-images-amazon.com/images/M/MV5BMTQ4MzQzMzM2Nl5BMl5BanBnXkFtZTgwMTQ1NzU3MDI@._V1_SX300.jpg', '<iframe width=\"854\" height=\"480\" src=\"https://www.youtube.com/embed/x_7YlGv9u1g\" frameborder=\"0\" allowfullscreen></iframe>', 'tt5074352', 9, 0, 0, 0, 0, 2),
(26, 'NOBITA AND THE BIRTH OF JAPAN', 'DORAEMON THE MOVIE: NOBITA AND THE BIRTH OF JAPAN - Dalam film Doraemon terbaru, Nobita dan teman-teman menempuh perjalanan waktu untuk kembali ke Jepang di masa prasejarah dimana mereka akan membangun sebuah kota impian. Di waktu yang sama, mereka bertemu dengan seorang bocah bernama Kukuru yang berada dalam masalah karena sukunya ditindas oleh dukun misterius bernama Gigazombie. Mampukah Nobita dan kawan-kawan menyelamatkan Kukuru beserta anggota sukunya yang tertindas?', 'Animation', 2016, '2016-01-26', 103, 'Shinnosuke Yakuwa', 'Shinnosuke Yakuwa, Higashi Shimzu', 'Wasabi Mizuta, Megumi Ohara, Yumi Kakazu, Subaru Kimura, Tomokazu Seki', 'http://www.21cineplex.com/data/gallery/pictures/148705623580169_300x430.jpg', '<iframe width=\"854\" height=\"480\" src=\"https://www.youtube.com/embed/aPtam_mNZdA\" frameborder=\"0\" allowfullscreen></iframe>', '', 0, 0, 0, 0, 7, 2),
(27, 'GALIH DAN RATNA', 'Cinta pertama. Atau cinta monyet. Atau apalah itu. Semua pasti pernah merasakannya, terutama di masa-masa remaja yang indah. Tetapi ini tidak pernah dirasakan oleh GALIH (Refal Hady), seorang siswa SMA teladan tetapi introvert yang hidup dalam bayang-bayang almarhum ayahnya dan tuntutan ibunya yang harus struggle sebagai single-mother. \r\n\r\nRATNA (Sheryl Sheinafia), seorang siswi yang baru saja pindah ke SMA tempat Galih bersekolah. Pintar dan berbakat namun ia sendiri tidak tahu passion hidupnya apa. Ia hidup tanpa tujuan, selalu mengejar hal-hal yang sangat instan. Layaknya anak millenials saat ini. \r\n\r\nDi suatu sore, di lapangan belakang sekolah, Galih dan Ratna pun bertemu. Sebuah pertemuan yang sederhana. Ratna tertarik dengan walkman yang sedang didengarkan oleh Galih. Galih membiarkan Ratna mendengarkan kaset mixtape pemberian Ayahnya. \r\n\r\nInikah yang disebut dengan cinta pertama? Yang manis, menggebu-gebu, dan juga pahit? Yang berawal dari sebuah momen sederhana di lapangan belakang sekolah? Pada akhirnya, cinta pertama inilah yang membawa Galih dan Ratna ke tahap baru dalam kehidupan mereka. Sebuah tahap pendewasaan dimana tanggung-jawab, tuntutan, dan passion saling berperang dan akhirnya berdamai. Dan cinta pertama inilah yang akan selalu menjadi sebuah kenangan yang tidak akan mereka lupakan.', 'Drama', 2017, '2017-03-09', 112, 'Lucky Kuswandi', 'Fathan Todjon, Lucky Kuswandi', 'Refal Hady, Sheryl Sheinafia, Joko Anwar, Marissa Anita', 'http://www.21cineplex.com/data/gallery/pictures/14864580058957_300x430.jpg', '<iframe width=\"854\" height=\"480\" src=\"https://www.youtube.com/embed/Ks0lO3zCWOQ\" frameborder=\"0\" allowfullscreen></iframe>', '', 0, 0, 0, 0, 0, 2),
(28, 'HIDDEN FIGURES', 'Berkisah tentang tim ahli matematika wanita Afrika-Amerika yang memiliki peran penting dalam sejarah NASA.\r\n\r\nKatherine G. Johnson (Taraji P. Henson), Dorothy Vaughan (Octavia Spencer) dan Mary Jackson (Janelle Monae) adalah sosok penting dibalik keberhasilan NASA dalam proyek pertama mereka membawa manusia keluar angkasa.\r\n\r\nKetiganya merupakan ahli matematika yang membuat perhitungan terhadap pesawat yang akan digunakan pada misi pertama NASA untuk mendarat di bulan.', 'Biography, Drama, History', 2016, '2017-01-06', 126, 'Theodore Melfi', 'Allison Schroeder (screenplay), Theodore Melfi (screenplay), Margot Lee Shetterly (based on the book by)', 'Taraji P. Henson, Octavia Spencer, Janelle Monáe, Kevin Costner', 'https://images-na.ssl-images-amazon.com/images/M/MV5BMjQxOTkxODUyN15BMl5BanBnXkFtZTgwNTU3NTM3OTE@._V1_SX300.jpg', '<iframe width=\"854\" height=\"480\" src=\"https://www.youtube.com/embed/RK8xHq6dfAo\" frameborder=\"0\" allowfullscreen></iframe>', 'tt4846340', 7.9, 74, 0, 0, 0, 2),
(29, 'JOHN WICK: CHAPTER 2', 'Berlanjut dari film John Wick yang pertama, film ini kembali menampilkan Keanu Reeves sebagai pensiunan pembunuh bayaran, John Wick yang kembali beraksi. Kali ini John harus harus menghadapi krisis identitas yang mempertanyakan jati dirinya sebagai seorang suami yang bersedih atas kematian istrinya atau seorang pembunuh bayaran internasional tanpa belas kasihan.', 'Action, Crime, Thriller', 2017, '2017-02-10', 122, 'Chad Stahelski', 'Derek Kolstad, Derek Kolstad (based on characters created by)', 'Keanu Reeves, Riccardo Scamarcio, Ian McShane, Ruby Rose', 'https://images-na.ssl-images-amazon.com/images/M/MV5BMjE2NDkxNTY2M15BMl5BanBnXkFtZTgwMDc2NzE0MTI@._V1_SX300.jpg', '<iframe width=\"854\" height=\"480\" src=\"https://www.youtube.com/embed/XGk2EfbD_Ps\" frameborder=\"0\" allowfullscreen></iframe>', 'tt4425200', 8.5, 75, 0, 0, 9, 2),
(31, 'LA LA LAND', 'Mia (Emma Stone), seorang perempuan yang bercita-cita tinggi untuk menjadi aktris kerap berpapasan dengan Sebastian (Ryan Gosling), musisi jazz yang bercita-cita untuk mendirikan klub jazznya sendiri. \r\n\r\nKedua orang tersebut akhirnya saling jatuh cinta dan bakhan Mia pun mulai menyukai musik Jazz. Pada suatu hari, Mia mulai meragukan kemampuannya setelah ia kerap gagal dalam mengikuti audisi film. Sebastian yang percaya dengan kemampuan akting Mia, kerap mendorong kekasihnya agar tidak menyerah. Sementara itu, Mia berpikir bahwa Sebastian terpaksa bergabung kedalam band terkenal demi mencari nafkah untuk mereka berdua. \r\n\r\nPada akhirnya, perbedaan dan perdebatan diantara keduanya pun kian melebarkan jarak diantara mereka.', 'Comedy, Drama, Musical', 2016, '2016-12-25', 128, 'Damien Chazelle', 'Damien Chazelle', 'Ryan Gosling, Emma Stone, Amiée Conn, Terry Walters', 'https://images-na.ssl-images-amazon.com/images/M/MV5BMzUzNDM2NzM2MV5BMl5BanBnXkFtZTgwNTM3NTg4OTE@._V1_SX300.jpg', '<iframe width=\"854\" height=\"480\" src=\"https://www.youtube.com/embed/0pdqf4P9MB8\" frameborder=\"0\" allowfullscreen></iframe>', 'tt3783958', 8.5, 93, 0, 0, 0, 2),
(32, 'LION', 'Ketika Saroo baru berusia lima tahun, ia hidup dalam kemiskinan bersama ibu dan saudara-saudaranya di sebuah kota di India. Saroo dan kakak lelakinya, Guddu sering pergi bersama untuk mengemis di sebuah stasiun kereta. Pada suatu hari, Guddu memberitahu adiknya jika ia akan naik kereta ke kota lain. Mendengar perkataan ini, Saroo memohon kakanya untuk ikut bersamanya. Guddu mengabulkan permohonan adiknya dan pada saat mereka sampai di tempat tujuan, Guddu memberitahu Saroo untuk menunggunya di sebuah peron kereta. \r\n\r\nSaat Guddu tidak kunjung kembali, Saroo mulai mencari saudaranya dengan memasuki sebuah kereta yang membawanya ke tempat yang jauh. Karena sang anak tidak dapat memberitahu polisi alamat tempat tinggalnya, ia dinyatakan sebagai anak terlantar. Bocah India tersebut pada akhirnya diadopsi oleh sepasang suami-istri yang berasal dari Australia.\r\n\r\nKetika Saroo hidup dengan keluarga barunya, ia dibesarkan sebagai anak Australia pada umumnya dan kemampuannya untuk berbicara dalam bahasa Hindi kian menghilang. Sementara itu, ibu kandungnya di India tidak berhenti untuk mencari anaknya.', 'Drama', 2016, '2017-01-06', 118, 'Garth Davis', 'Saroo Brierley (adapted from the book ', 'Sunny Pawar, Abhishek Bharate, Priyanka Bose, Khushi Solanki', 'https://images-na.ssl-images-amazon.com/images/M/MV5BMjA3NjkzNjg2MF5BMl5BanBnXkFtZTgwMDkyMzgzMDI@._V1_SX300.jpg', '<iframe width=\"854\" height=\"480\" src=\"https://www.youtube.com/embed/-RNI9o06vqo\" frameborder=\"0\" allowfullscreen></iframe>', 'tt3741834', 8, 69, 0, 0, 0, 2),
(33, 'LOGAN', 'Pada tahun 2024, Logan (Hugh Jackman) dan Profesor Charles Xavier (Patrick Stewart) harus bertahan tanpa X-Men ketika perusahaan yang dipimpin oleh Nathaniel Essex menghancurkan dunia. Keadaan menjadi semakin rumit dengan kemampuan regenerasi mutan logan yang mulai menghilang dan Xavier yang menderita Alzheimer. Logan harus mengalahkan Nathaniel Essex dengan bantuan seorang anak perempuan bernama Laura Kinney yang merupakan hasil kloning dari Wolverine', 'Action, Drama, Sci-fi', 2017, '2017-03-03', 136, 'James Mangold', 'James Mangold (story by), Scott Frank (screenplay), James Mangold (screenplay), Michael Green (screenplay)', 'Hugh Jackman, Patrick Stewart, Dafne Keen, Boyd Holbrook', 'https://images-na.ssl-images-amazon.com/images/M/MV5BMjI1MjkzMjczMV5BMl5BanBnXkFtZTgwNDk4NjYyMTI@._V1_SX300.jpg', '<iframe width=\"854\" height=\"480\" src=\"https://www.youtube.com/embed/DekuSxJgpbY\" frameborder=\"0\" allowfullscreen></iframe>', 'tt3315342', 8.7, 77, 0, 0, 7.5, 2),
(34, 'LONDON LOVE STORY 2', '“Aku bersyukur..\r\nsemua hari hariku begitu berarti..\r\nDan Aku akan tetap minta sama Tuhan, \r\nuntuk ambil nyawa aku satu hari sebelum Tuhan ambil nyawanya\r\nKarena setiap detak jantungnya, adalah detik berharga untuk aku”\r\n\r\nCaramel sangat bahagia. Betapa tidak, impiannya sejak kecil untuk melihat dan bermain salju akhirnya terwujud karena Dave memberinya hadiah kejutan liburan ke Swiss untuk merayakan ulang tahun Caramel.\r\n\r\nsaat mereka akan berangkat menggunakan kereta dari stasiun St. Pancras International London ke Swiss, Tiba-tiba Dave tidak bisa berangkat bersama Caramel.\r\n\r\nSesampainya di sana, Sam yang sudah menjemput Caramel membawa Caramel makan malam di sebuah resto terbaik di kota Zurich, hingga Caramel sangat terkesan.\r\n\r\nSayangnya kebahagiaan Caramel menikmati hari pertamanya di Swiss, terganggu karena kemunculan Gilang, seorang chef sekaligus cucu pemilik restoran di Swiss. Gilang meminta Caramel untuk menemuinya di sebuah restoran. Caramel datang dan menemui Gilang. Gilang memberikan sebuah hadiah untuk Caramel.\r\n\r\nSetelah itu Gilang meminta Caramel menemuinya lagi keesokan harinya. Apakah Dave tahu tentang ini, Apakah Gilang mengetahui kalau Caramel adalah tunangan Dave..??', 'Drama', 2017, '2017-03-03', 100, 'Asep Kusdinar', 'Sukhdev Singh, Tisa TS', ' Ramzi. Salshabilla Adriani. Mawar Eva', 'http://www.21cineplex.com/data/gallery/pictures/148611950965983_300x430.jpg', '<iframe width=\"854\" height=\"480\" src=\"https://www.youtube.com/embed/_OeuFCIpFhg\" frameborder=\"0\" allowfullscreen></iframe>', 'tt3315342', 8.7, 77, 0, 0, 0, 2),
(35, 'MAX STEEL', 'Max McGrath (Ben Winchell) adalah seorang remaja berusia 16 tahun yang tengah beradaptasi dengan lingkungan barunya. Tidak lama sejak kepindahannya, ia menemukan bahwa sang almarhum ayah yang pernah bekerja sebagai ilmuwan telah mewariskan kekuatan super yang dapat merubah energi di sekelilingnya. \r\n\r\nKemudian Max juga bertemu dengan alien bernama Steel yang melatihnya untuk menggunakan kekuatannya sebagai seorang super hero bernama Max Steel. Ketika keduanya saling bekerja sama dalam misi membela kebenaran, beberapa makhluk misterius dari galaksi lain memburu Max untuk merebut kekuatan yang dimilikinya.', 'Action, Adventure, Family', 2016, '2016-10-14', 92, 'Stewart Hendler', 'Christopher Yost', 'Ben Winchell, Josh Brener, Maria Bello, Andy Garcia', 'https://images-na.ssl-images-amazon.com/images/M/MV5BMTk2MTMwOTk3N15BMl5BanBnXkFtZTgwMDI5OTYxMDI@._V1_SX300.jpg', '<iframe width=\"854\" height=\"480\" src=\"https://www.youtube.com/embed/Tf4sa0BVJVw\" frameborder=\"0\" allowfullscreen></iframe>', 'tt1472584', 4.6, 22, 0, 0, 6.5, 2),
(36, 'JAKARTA UNDERCOVER', 'MOAMMAR EMKAS JAKARTA UNDERCOVER - Demi mengejar cita-citanya menjadi wartawan, Pras (Oka Antara) berangkat ke Jakarta untuk berguru pada Djarwo (Lukman Sardi), pemimpin redaksi sebuah majalah berita. Idealisme Pras mulai luntur saat menyadari bahwa kecemerlangan tulisannya dimanfaatkan oleh kantornya untuk tujuan tertentu.\r\n\r\nJiwa Pras memberontak. Apalagi setelah ia bertemu Awink (Ganindra Bimo), penari malam, yang membawanya berkenalan dengan Yoga (Baim Wong), sosok penting di dunia bisnis \"gelap\" Jakarta. Di sisi lain, Pras bertemu dengan Laura (Tiara Eve), perempuan super model yang membuat hidupnya berbeda, begitupun Laura yang menganggap Pras anomali dari kebanyakan lelaki yang ditemuinya di Jakarta.\r\n\r\nTanpa disadari, Pras berada di tengah pusaran dunia antah berantah Jakarta. Semakin dalam ia menggali, semakin jauh ia terseret ke dalamnya. Bagaimana Pras menghadapi kerasnya kehidupan di Jakarta?', 'Drama', 2016, '2016-10-14', 107, 'Stewart Hendler', 'Christopher Yost', 'Ben Winchell, Josh Brener, Maria Bello, Andy Garcia', 'http://www.21cineplex.com/data/gallery/pictures/148523068742889_300x430.jpg', '<iframe width=\"854\" height=\"480\" src=\"https://www.youtube.com/embed/5zMCsU5ncrM\" frameborder=\"0\" allowfullscreen></iframe>', 'tt1472584', 4.6, 22, 0, 0, 0, 2),
(37, 'RINGS', 'Film yang merupakan seri ketiga dari trilogi The Ring ini terjadi sebelum pembuatan video terkutuk yang akan membunuh siapa saja yang pernah menontonnya. Selain itu film ini juga berfokus pada keseharian seorang pelajar bernama Julia (Matilda Lutz) dan kekasihnya, Holt (Alex Roe). \r\n\r\nKhawatir akan hubungan mereka yang semakin renggang, Julia memutuskan untuk pergi menemui Holt. Ketika ia sampai, Julia menemukan jika kekasihnya adalah anggota dari sebuah klub yang menyebarkan video terkutuk Samara. Selain itu, Julia harus dihadapkan dengan kenyataan bahwa Holt telah menonton video tersebut enam setengah hari yang lalu dan mereka harus menemukan jalan untuk menghentikan kutukan Samara sebelum terlambat.', 'Drama, Horror', 2017, '2017-02-03', 102, 'F. Javier Gutiérrez', 'David Loucka (screenplay), Jacob Estes (screenplay), Akiva Goldsman (screenplay), David Loucka (story by), Jacob Estes (story by), Kôji Suzuki (based on the novel ', 'Matilda Anna Ingrid Lutz, Alex Roe, Johnny Galecki, Vincent D\'Onofrio', 'https://images-na.ssl-images-amazon.com/images/M/MV5BNjU1NDAxNTg0MF5BMl5BanBnXkFtZTgwNzUxMjEwMTI@._V1_SX300.jpg', '<iframe width=\"854\" height=\"480\" src=\"https://www.youtube.com/embed/uukQ_6szDm8\" frameborder=\"0\" allowfullscreen></iframe>', 'tt0498381', 4.5, 25, 0, 0, 0, 2),
(38, 'SILENCE', 'Berkisah mengenai kedua misionaris Katholik (Andrew Garfield and Adam Driver) yang menghadapi ujian atas keyakinan merek ketika keduanya pergi ke Jepang untuk mencari guru mereka yang hilang (Liam Neeson) - tepat di saat keberadaan umat Katholik terancam di Jepang', 'Drama, History', 2016, '2017-01-13', 160, 'Martin Scorsese', 'Jay Cocks (screenplay), Martin Scorsese (screenplay), Shûsaku Endô (based on the novel by)', 'Andrew Garfield, Adam Driver, Liam Neeson, Tadanobu Asano', 'https://images-na.ssl-images-amazon.com/images/M/MV5BMjY3OTk0NjA2NV5BMl5BanBnXkFtZTgwNTg3Mjc2MDI@._V1_SX300.jpg', '<iframe width=\"854\" height=\"480\" src=\"https://www.youtube.com/embed/A0KUWzfugg4\" frameborder=\"0\" allowfullscreen></iframe>', 'tt0490215', 7.5, 79, 0, 0, 0, 2),
(39, 'SPLIT', 'Ketika ketiga gadis remaja sedang menunggu ayah mereka di dalam mobil, seorang pria misterius menculik dan membawa mereka ke dalam sebuah bunker. Sang penculik yang bernama Kevin (James McAvoy) adalah seorang pria dengan gangguan jiwa yang membuatnya memiliki 23 kepribadian yang berbeda, yang diantaranya adalah seorang wanita dan anak berumur 9 tahun yang bernama Hedwig. \r\n \r\nSebagai salah satu gadis yang diculik, Casey berusaha meloloskan diri dengan meyakinkan salah satu kepribadian Kevin untuk melepaskan mereka. Akan tetapi hal tersebut tidaklah mudah, terlebih setelah Hedwig memperingatkan mereka akan the Beast yang merupakan kepribadian Kevin yang paling berbahaya.', 'Horror, Thriller', 2016, '2017-01-20', 117, 'M. Night Shyamalan', 'M. Night Shyamalan', 'James McAvoy, Anya Taylor-Joy, Betty Buckley, Haley Lu Richardson', 'https://images-na.ssl-images-amazon.com/images/M/MV5BZTJiNGM2NjItNDRiYy00ZjY0LTgwNTItZDBmZGRlODQ4YThkL2ltYWdlXkEyXkFqcGdeQXVyMjY5ODI4NDk@._V1_SX300.jpg', '<iframe width=\"854\" height=\"480\" src=\"https://www.youtube.com/embed/84TouqfIsiI\" frameborder=\"0\" allowfullscreen></iframe>', 'tt4972582', 7.5, 62, 0, 0, 0, 2),
(40, 'SURGA YANG TAK DIRINDUKAN 2', 'Pertemuan dengan Arini membuat Meirose menjadi ragu dengan pilihan hidupnya selama ini. Arini begitu tulus menyayangi dirinya dan Akbar, dan berharap agar Meirose kembali pada Pras. Mereka sudah menjadi keluarga. Apalagi ketika sosok Pras muncul dihadapannya, Meirose tidak bisa mengingkari bahwa cintanya pada laki-laki bijak itu masih ada dalam hatinya. Bahkan Arini didukung Nadia, berusaha keras menarik Meirose kembali.\r\n\r\nMeirose bingung, maju dengan kehidupannya yang baru, yang dia sendiri tidak tahu akan jadi seperti apa, ataukah mundur pada kehidupannya yang lama, yang ingin dia tinggalkan selama ini, tapi menjanjikan hal yang lebih pasti bagi masa depannya?\r\n\r\nAda apa dibalik motivasi Arini yang menggebu-gebu meminta Meirose kembali dalam kehidupan rumah tangganya yang sudah harmonis selama ini?\r\n\r\nApa yang akan dilakukan Pras, akankah dia kembali menerima Meirose? Sementara, dia meragukan kemampuannya untuk bersikap adil sebagaimana yang diwajibkan Allah pada laki-laki yang memilih berpoligami?\r\n\r\nSiapa juga Dokter Syarief(Reza Rahardian) yang tiba-tiba hadir di tengah-tengah persoalan mereka?\r\n\r\nLalu mengapa surga itu tiba-tiba menjadi dirindukan sekarang?', 'Drama', 2017, '2017-02-09', 121, 'Hanung Bramantyo, Meisa Felaroze', 'Alim Sudio, Hanung Bramantyo, Manoj Punjabi', 'Reza Rahadian, Raline Shah, Laudya Cynthia Bella, Fedi Nuril', 'https://images-na.ssl-images-amazon.com/images/M/MV5BMTZiZjU4MDEtOWFjZS00YWZkLTg1MGMtNDcxNTdhMDE3NWU2XkEyXkFqcGdeQXVyNjU3MzA0NjE@._V1_SX300.jpg', '<iframe width=\"854\" height=\"480\" src=\"https://www.youtube.com/embed/DpUXJVbb894\" frameborder=\"0\" allowfullscreen></iframe>', 'tt5946936', 0, 0, 0, 0, 0, 2),
(41, 'ULAR TANGGA', 'FINA (20), mahasiswi berwatak serius dan memiliki potensi indigo, sebenarnya sudah memiliki firasat buruk. Mimpi buruk yang muncul dalam tidurnya seperti menghidupkan alarm bahaya dalam diri FINA. Hal itu terkait dengan rencana mendaki gunung tim pecinta alam kampusnya. Kebetulan, tim yang akan berangkat dalam pendakian itu dipimpin BAGAS (21), kekasih FINA. BAGAS tidak percaya pada kekhawatiran FINA. Ia malah membujuk FINA untuk tetap berangkat bersama tim pecinta alam yang beranggotakan empat mahasiswa lain: MARTHA, WILLIAM, DODOY, dan LANI. Pada tahap awal, perjalanan mereka dibantu GINA, seorang pendaki dan penunjuk jalan yang sudah lebih dulu berpengalaman dan mengenal medan di gunung tersebut.\r\n\r\nSayangnya, peringatan GINA agar mereka memilih jalan yang aman, tidak diindahkan oleh teman-teman FINA. Tanpa mereka sadari, jalan yang mereka pilih mengantarkan mereka menuju pohon tua yang angker dan rumah misterius di gunung yang memiliki cerita kelam di masa lalu. FINA baru menyadari bahaya mengancam dirinya dan teman-temannya. Kemunculan dua hantu anak kecil, SANIA dan TANIA, seolah menjadi pertanda akan bahaya yang mengancam mereka. Mereka tersesat di gunung, dan terpaksa bertahan di rumah misterius yang sudah kosong bertahun-tahun.\r\n\r\nNamun, saat mereka berkeinginan turun gunung segalanya sudah terlambat. Kejadian buruk menimpa mereka satu per satu. Semua itu diawali dengan penemuan permainan kuno ular tangga yang terbuat dari kayu, di bawah pohon angker itu. Penemuan itu memunculkan kembali hantu yang sangat berbahaya. Hantu yang penuh kemarahan karena pohon angker yang menjadi tempat tinggalnya, dirusak pada masa lalu. Seseorang telah memotong cabang pohon tersebut dan membuatnya menjadi ukiran permainan ULAR TANGGA. Peristiwa terkutuk yang memakan korban jiwa.', 'Thriller', 2016, '1970-01-01', 94, 'Arie Azis', 'N/A', 'Shareefa Daanish, Guntur Triyoga, Fauzan Nasrul, Alessia Cestaro', 'http://ia.media-imdb.com/images/M/MV5BNTA4OWE2MDItZGQ2My00YWU2LTkyOWYtMWViMDQ0YjcyMmEzXkEyXkFqcGdeQXVyMjIyNDU1OTg@._V1_SX300.jpg', '<iframe width=\"854\" height=\"480\" src=\"https://www.youtube.com/embed/NgATJRgFlHg\" frameborder=\"0\" allowfullscreen></iframe>', 'tt5742836', 0, 0, 0, 0, 0, 2),
(42, 'GUARDIANS OF THE GALAXY 2', 'Pada seri kedua film Guardian of the Galaxy, Peter Quills (Chris Pratt) dan para Guardians kembali melanjutkan petualangan mereka dengan menjelajahi bagian terluar dari kosmos. Kali ini, persahabatan para Guardians akan diuji pada saat mereka mengungkap misteri dari silsilah keluarga Peter Quill. Di film ini juga, seorang musuh lama akan muncul kembali untuk membantu para Guardians dalam misi mereka', 'Action, Adventure, Sci-fi', 2017, '2017-06-17', 137, 'James Gunn', 'James Gunn, Dan Abnett', 'Chris Pratt, Zoe Saldana, Sylvester Stallone', 'http://www.21cineplex.com/data/gallery/pictures/149086206646137_300x430.jpg', '<iframe width=\"854\" height=\"480\" src=\"https://www.youtube.com/embed/duGqrYw4usE\" frameborder=\"0\" allowfullscreen></iframe>', 'tt3896198', 0, 0, 0, 0, 0, 0),
(43, 'THE INFILTRATOR', 'Seorang pejabat Bea Cukai AS Robert Mazur (Bryan Cranston) melakukan penyamaran untuk menyusup ke dalam jaringan perdagangan narkoba yang diatur oleh mafia besar asal Kolumbia, Pablo Escobar.\r\n\r\nMazur menyamar sebagai Bob Musella seorang pengusaha pencucian uang. Dengan penuh resiko yang mengancam keselamatan jiwanya, Mazur bersama agen lainnya mencoba membongkar praktik pencucian uang yang dilakukan Pablo dengan bangkir korup dan 85 gembong narkoba lainnya.', 'Biography, Crime, Drama', 2016, '2016-07-13', 127, 'Brad Furman', 'Ellen Sue Brown (screenplay), Robert Mazur (based on the book on)', 'Bryan Cranston, Leanne Best, Daniel Mays, Tom Vaughan-Lawlor', 'https://images-na.ssl-images-amazon.com/images/M/MV5BMTEwNzM2NjY2MTNeQTJeQWpwZ15BbWU4MDQ3MDI3Njgx._V1_SX300.jpg', '<iframe width=\"854\" height=\"480\" src=\"https://www.youtube.com/embed/N7_M4hjXW1I\" frameborder=\"0\" allowfullscreen></iframe>', 'tt1355631', 7.1, 66, 0, 0, 0, 0),
(45, 'GET OUT', 'Film ini mengisahkan seorang pemuda berkulit hitam bernama Chris (Daniel Kaluuya) yang mengunjungi rumah orang tua kekasihnya yang berkulit putih Rose (Allison Williams).\r\n\r\nDia tak pernah mengira kunjungannya akan menjadi sebuah kejadian yang buruk bagi dirinya hingga seorang pria sesama kulit hitam memperingatkannnya untuk \"keluar\". Kemudian Chris menyadari bahwa untuk \"Keluar\" jauh lebih sulit dari yang ia bayangkan.', 'Horror, Mystery', 2017, '2017-02-24', 104, 'Jordan Peele', 'Jordan Peele', 'Daniel Kaluuya, Allison Williams, Catherine Keener, Bradley Whitford', 'https://images-na.ssl-images-amazon.com/images/M/MV5BNTE2Nzg1NjkzNV5BMl5BanBnXkFtZTgwOTgyODMyMTI@._V1_SX300.jpg', '<iframe width=\"854\" height=\"480\" src=\"https://www.youtube.com/embed/sRfnevzM9kQ\" frameborder=\"0\" allowfullscreen></iframe>', 'tt5052448', 8.3, 83, 18, 31, 0, 1),
(46, 'KARTINI', 'Kartini tumbuh dengan melihat langsung bagaimana ibu kandungnya, Ngasirah (Christine Hakim) menjadi orang terbuang di rumahnya sendiri, dianggap pembantu hanya karena tidak mempunyai darah ningrat. Ayahnya, Raden Sosroningrat (Deddy Sutomo), yang mencintai Kartini dan keluarga juga tidak berdaya melawan tradisi.\r\n\r\nSepanjang hidupnya, Kartini memperjuangkan kesetaraan hak bagi semua orang, tidak peduli ningrat atau bukan, terutama hak pendidikan untuk perempuan. Bersama kedua saudarinya, Roekmini (Acha Septriasa) dan Kardinah (Ayushita Nugraha), Kartini mendirikan sekolah untuk kaum miskin dan menciptakan lapangan kerja untuk rakyat di Jepara dan sekitarnya. \r\n\r\nFilm Kartini adalah perjuangan emosional dari sosok Kartini yang harus melawan tradisi dan bahkan menentang keluarganya sendiri untuk memperjuangkan kesetaraan hak untuk semua orang di Indonesia.', 'Biography, Drama, Family', 2017, '2017-04-01', 122, 'Hanung Bramantyo', 'Bagus Bramanti, Hanung Bramantyo, Hanung Bramantyo, Robert Ronny (additional stories), Robert Ronny (story)', 'Adinia Wirasti, Reza Rahadian, Christine Hakim, Dian Sastrowardoyo', 'https://images-na.ssl-images-amazon.com/images/M/MV5BZDZjY2EzZjAtODQzOC00NmE1LTk1MGYtOGQ4YWYyN2I3NmY0XkEyXkFqcGdeQXVyMTE4OTcyMA@@._V1_SX300.jpg', '<iframe width=\"854\" height=\"480\" src=\"https://www.youtube.com/embed/ePQV41Rk9uw\" frameborder=\"0\" allowfullscreen></iframe>', 'tt5882416', 0, 0, 54, 17, 0, 1),
(47, 'THE GUYS', 'Alfi, seorang karyawan yang bercita-cita jadi bos, ingin mendapatkan cinta Amira, teman sekantornya. Namun, masalah timbul ketika Via, gebetan abadinya, yang tadinya mengabaikan Alfi, mulai menujukkan rasa cinta..  Di satu sisi, ketika Alfi dekat dengan Amira, ternyata', 'Drama', 2017, '2017-11-20', 84, 'Raditya Dika', 'Raditya Dika', 'Raditya Dika, Pevita Pearce, Marthino Lio', 'http://www.21cineplex.com/data/gallery/pictures/148964775232770_300x430.jpg', '<iframe width=\"854\" height=\"480\" src=\"https://www.youtube.com/embed/JxTmtJ0Fc2U\" frameborder=\"0\" allowfullscreen></iframe>', 'tt0319470', 6.5, 60, 0, 0, 0, 1),
(48, 'LABUAN HATI', 'Bia, Indi dan Maria adalah tiga perempuan yang bertemu di Labuan Bajo, Flores, NTT. Hidup di atas kapal, menyelam, bertemu komodo hingga menginap di sebuah pulau yang sama... Tiga perempuan dengan latar belakang berbeda, alasan berbeda, dan tujuan berbeda dengan cepat bersahabat karena kecintaan yang sama: kepada laut, permukaan maupun kedalaman.\r\n\r\nDan ada Mahesa, instruktur diving yang terus mendampingi mereka, yang kemudian menjadi salah satu alasan mereka merasa ada yang salah dengan hidup masing-masing.\r\n\r\nPadahal... tak ada yang salah. Setiap perempuan berhak bersedih atas masa lalu, berhak berbahagia untuk hari ini, dan berhak selalu punya harapan akan masa depan, tanpa perlu mengutuk hidup yang tak melulu baik-baik saja.', 'Drama', 2017, '2017-11-20', 101, 'Lola Amaria', 'Titien Wattimena', 'Kelly Tandiono, Nadine Chandrawinata, Ully Triani', 'http://www.21cineplex.com/data/gallery/pictures/148964668873702_300x430.jpg', '<iframe width=\"854\" height=\"480\" src=\"https://www.youtube.com/embed/D3S_F07qmkY\" frameborder=\"0\" allowfullscreen></iframe>', 'tt0319470', 6.5, 60, 0, 0, 0, 2),
(49, 'HAND OF STONE', 'Hands of Stone akan berkisah tentang kehidupan Roberto Duran (Edgar Ramirez) yang menjadi seorang petinju profesional saat masih berusia 16 tahun. \r\n\r\nDibawah pelatih Ray Arcel (Robert De Niro) Ia menjadi salah satu petarung hebat di masanya dengan mengalahkan petinju terkenal Sugar Ray Leonard.', 'Drama', 2017, '2017-11-20', 110, 'Jonathan Jakubowicz', 'Jonathan Jakubowicz', 'Edgar Ramirez, Ellen Barkin, John Turturro', 'http://www.21cineplex.com/data/gallery/pictures/14897369646193_300x430.jpg', '<iframe width=\"854\" height=\"480\" src=\"https://www.youtube.com/embed/1W1L0WnVnjY\" frameborder=\"0\" allowfullscreen></iframe>', 'tt0319470', 6.5, 60, 0, 0, 0, 0),
(50, 'THE WORST YEARS OF MY LIFE', 'MIDDLE SCHOOL: THE WORST YEARS OF MY LIFE\r\n\r\nRafe Khatchadorian (Griffin Gluck) adalah remaja yang memiliki imajinasi tinggi. Namun ia punya banyak masalah, mulai dengan pacar sang Ibu sampai lingkungan baru di sekolah. \r\n\r\nMasalah terbesar Rafe adalah sang kepala sekolah Dwight (Andrew Daly) yang selalu mengekang kreativitas murid di sekolah dan ketat terhadap peraturan. \r\n\r\nMisi dilakukan Rafe bersama Leo (Thomas Barbusca) dan teman-tema sekolanya untuk membalas perlakuan sang kepala sekolah yang otoriter.', 'Comedy, Family', 2016, '2016-10-07', 92, 'Steve Carr', 'Chris Bowman (screenplay), Hubbel Palmer (screenplay), Kara Holden (screenplay), James Patterson (based on the book by), Chris Tebbetts (based on the book by)', 'Griffin Gluck, Lauren Graham, Alexa Nisenson, Andrew Daly', 'https://images-na.ssl-images-amazon.com/images/M/MV5BNjQzMTczNjI0Ml5BMl5BanBnXkFtZTgwODY5MTY5OTE@._V1_SX300.jpg', '<iframe width=\"854\" height=\"480\" src=\"https://www.youtube.com/embed/XQtjPUyS6ZY\" frameborder=\"0\" allowfullscreen></iframe>', 'tt4981636', 6.1, 51, 0, 0, 0, 0);
INSERT INTO `film` (`id`, `title`, `summary`, `genre`, `year`, `playing_date`, `length`, `director`, `writer`, `actors`, `poster`, `trailer`, `imdb_id`, `imdb_rating`, `metascore`, `twitter_positif`, `twitter_negatif`, `rating`, `status`) VALUES
(51, 'SWEET 20', 'Fatmawati (Niniek L Karim), nenek 70 tahun cerewet yang tinggal bersama putranya seorang dosen, Aditya (Lukman Sardi), menantu (Cut Mini), dan 2 orang cucu (Kevin Julio, Alexa Key). Fatmawati selalu membanggakan Aditya, sampai suatu hari ia mengetahui akan dikirim ke panti jompo. Hal yang membuatnya sangat terpukul dan pergi dari rumah. Di perjalanan ia melihat studio foto “Forever Young”, dan berniat mengambil foto untuk di pemakamannya kelak. Namun setelah berfoto Fatmawati berubah menjadi 50 tahun lebih muda, dan kembali berusia 20 tahun. Fatmawati pun memulai kehidupan yang baru dan mengganti namanya menjadi Mieke, seperti nama artis idolanya Mieke Wijaya. Seiring berjalannya waktu, Mieke mendapat kesempatan untuk meraih mimpinya menjadi penyanyi, sesuatu yang tidak bisa dilakukannya pada saat muda dulu. Keunikan Mieke muda dengan gaya bicara dan seleranya yang masih seperti nenek 70 tahun, justru membuat 3 pria jatuh hati padanya, seorang produser musik (Morgan Oey), cucu laki-lakinya, dan Hamzah (Slamet Rahardjo) yang mencintainya sejak sama-sama muda dulu.\r\n\r\nHingga suatu peristiwa terjadi, yang membuat Mieke harus memilih untuk melanjutkan kehidupan barunya, atau kembali menjadi Fatmawati.', 'Comedy, Family', 2016, '2016-10-07', 92, 'Steve Carr', 'Chris Bowman (screenplay), Hubbel Palmer (screenplay), Kara Holden (screenplay), James Patterson (based on the book by), Chris Tebbetts (based on the book by)', 'Griffin Gluck, Lauren Graham, Alexa Nisenson, Andrew Daly', 'http://www.21cineplex.com/data/gallery/pictures/149086177359456_300x430.jpg', '<iframe width=\"854\" height=\"480\" src=\"https://www.youtube.com/embed/dZb6uIoVFIg\" frameborder=\"0\" allowfullscreen></iframe>', 'tt4981636', 6.1, 51, 0, 0, 0, 0),
(52, 'THE CURSE', 'Shelina seorang pengacara ekspatriat Indonesia bekerja disalah satu law firm ternama di Melbourne Australia.\r\n \r\nSuatu malam Shelina didatangi roh halus di rumahnya. Penampakan roh halus itu semakin hari semakin jelas dan sangat menakutkan. Akhirnya Shelina memanggil paranormal dari Indonesia guna melakukan pengusiran. Hasil ritual paranormal menemukan, roh halus itu mendatangi Shelina untuk menyampaikan pesan. Dan roh halus itu mempunyai kaitan yang sangat erat dengan Shelina.\r\n \r\nTeka teki dibalik kedatangan roh halus, membuat Shelina harus menghadapi sesuatu yang sangat menakutkan.', 'Sci-Fi, Horror', 2017, '2017-09-11', 92, 'David Keith', 'David Chaskin (screenplay)', 'Wil Wheaton, Claude Akins, Malcolm Danare, Cooper Huckabee', 'https://images-na.ssl-images-amazon.com/images/M/MV5BOTZhM2M1NGItZTdhNS00ODMxLWJjYTQtNTQ2Yzg4ZWZhMTM2XkEyXkFqcGdeQXVyMTQxNzMzNDI@._V1_SX300.jpg', '<iframe width=\"854\" height=\"480\" src=\"https://www.youtube.com/embed/rvmN3mZIqdI\" frameborder=\"0\" allowfullscreen></iframe>', 'tt0092809', 4.9, 0, 0, 0, 0, 0),
(53, 'SURAU DAN SILEK', 'Adil (11th) adalah seorang anak yatim yang sangat menginginkan Ayah nya masuk surga dengan cara menjadi anak yang shaleh. Di saat yang bersamaan Adil juga sangat berambisi memenangkan pertandingan Silat di kampungnya. Ambisi Adil ini di dasari oleh kekalahan yang di alaminya pada pertandingan periode sebelumnya. Adil di kalahkan oleh Hardi (11Th) dengan kecurangan. Namun hal ini tidak di akui oleh Hardi. Karena menurut Hardi, Adil hanya mencari-cari alasan atas kekalahannya. Teman seperguruan Adil yang juga merupakan sahabatnya; Dayat (11th) dan Kurip (11th) ikut mendukung upaya membalaskan dendam kekalahan tersebut. \r\n \r\nDengan semangat yang tinggi mereka mempersiapkan diri menuju pertandingan berikutnya yang akan di adakan 6 bulan lagi. Dalam masa persiapan tersebut tiga sekawan; Adil, Dayat dan Kurip mengalami berbagai rintangan; Mulai dari guru silat mereka Rustam (27) yang pergi merantau, keinginan Adil untuk menjadi anak shaleh yang kadang bertentangan dengan ambisinya, pertikaian yang terjadi di antara Tiga Sekawan dalam memandang makna silat, Hardi dan kawan-kawan yang selalu mem-bully Adil, Dayat dan Kurip serta pencarian guru silat pengganti yang gagal disaat waktu menuju pertandingan terus berjalan.\r\n \r\n Rani (11th) merupakan teman sekolah Tiga sekawan (Adil, Kurip dan Dayat). Rani yang mengagumi Adil secara diam diam berusaha untuk mencarikan solusi terhadap kegalauan yang di hadapi oleh teman-temannya. Berkat usaha Rani inilah semua rintangan yang di hadapi oleh Tiga sekawan ini dapat teratasi. Berhasilkah Tiga Sekawan menemukan guru silat serta memenangkan pertandingan? ', 'Drama, Religi', 2017, '2017-09-11', 92, 'Arief Malinmudo', 'Arief Malinmudo', 'Dewi Irawan, Gilang Dirga, Komo Ricky', 'http://www.21cineplex.com/data/gallery/pictures/148956125842101_300x430.jpg', '<iframe width=\"854\" height=\"480\" src=\"https://www.youtube.com/embed/unyKxrBdHdA\" frameborder=\"0\" allowfullscreen></iframe>', 'tt0092809', 4.9, 0, 0, 0, 0, 0),
(54, 'HITAM DAN PUTIH', 'Ruanli dan Ashui adalah kakak beradik. Ruanli bekerja sebagai pelatih bela diri sedangkan Ashui diam-diam bekerja sebagai pemain film tanpa tahu Ruanli.\r\n\r\nSementara Yurong adalah seorang wanita polisi yang sedang menyamar, dia sedang menyelidiki kasus Narkoba kelompok Chutian. Chutian adalah direktur utama berasal dari Hongkong, dia berbisnis tempat hiburan tapi sebenarnya berbisnis gelap narkoba. \r\n\r\nRuanli dan Megda sedang berakting sebagai polisi dan penjahat. Disaat yang bersamaan Ashi dan Jinmao membawa tas hitam dengan uang. Ashi dan Jinmao kira Ruanli adalah polisi, kaget dan buru-buru kabur dengan membawa uang. Untuk menghindar dari kejaran Ruanli, uang itu di simpannya di sebuah motor yang ternyata itu adalah motor Ashui. \r\n\r\nRuanli, Adang, Azun dan Ganni merencanakan untuk menyelamatkan Ashui dari tangan Chutian. Terjadi pertukaran antara Ashui dengan Tas hitam tanpa diduga ternyata Chutian merencanakan sesuatu sampai Chutian berhasil membawa kabur Ashui sebagai sandera. Chutian berhasil di kepung, dengan akal liciknya dia berusaha membuang barang bukti demi menghindar dari hukum. \r\n\r\nBagaimana akhir kisahnya, saksikan di bioskop mulai 13 April 2017.', 'Drama, Action', 2017, '2017-04-13', 91, 'Daud Radex', 'Susan Yu', 'Roger Danuarta, Guntur Triyoga, Sunny Pang', 'http://www.21cineplex.com/data/gallery/pictures/148956110023905_300x430.jpg', '<iframe width=\"854\" height=\"480\" src=\"https://www.youtube.com/embed/vhiK5cDluhc\" frameborder=\"0\" allowfullscreen></iframe>', 'tt5351016', 0, 0, 0, 0, 0, 2),
(55, 'MENGEJAR HALAL', 'Kisah Haura berawal dengan batalnya pernikahan Haura dan Shidiq. Kegagalan pernikahan membuat Haura menjadi wanita yang terobsesi pada pernikahan sempurna, baginya butuh pria sempurna untuk mendapatkan pernikahan sempurna. Ditengah kegalauan menanti sosok pria sempurna, Haura dipertemukan dengan sosok Halal, pria yang memiliki semua yang diharapkan haura ada pada pasangan hidupnya.\r\n\r\nHaura melakukan segala cara demi menjadikan Halal pasangan hidupnya, Hubungan Haura dengan saudara dan sahabat-sahabatnya mulai renggang karena sikap egois Haura yang semakin tak terkendali kala mengejar Halal. Mampukah Haura mendapatkan Halal dan meraih pernikahan sempurna impiannya?', 'Drama, Comedy', 2010, '2010-11-01', 75, 'M. Amrul Ummami', 'M. Ali Ghifari', 'Inez Ayuningtyas, Abdul Kaafi, Ressa Rere, Ryan Qori, Ahmad Rhezanov', 'http://www.21cineplex.com/data/gallery/pictures/148956160311346_300x430.jpg', '<iframe width=\"854\" height=\"480\" src=\"https://www.youtube.com/embed/skSeKOOvMgg\" frameborder=\"0\" allowfullscreen></iframe>', 'tt5351016', 0, 0, 26, 27, 0, 1),
(56, 'NIGHT BUS', 'Bis Babad mengangkut beberapa penumpang menuju Sampar, sebuah kota yang terkenal kaya akan sumber daya alamnya namun terjadi konflik berkepanjangan. Sampar dijaga ketat oleh aparat pemerintah pusat yang siap siaga melawan pasukan Samerka (Sampar Merdeka), para milisi pemberontak yang menuntut kemerdekaan atas tanah kelahiran mereka.\r\n\r\nSetiap penumpang bis memiliki tujuannya masing- masing : mencari penghidupan yang lebih baik, memenuhi kebutuhan keluarga, menyelesaikan masalah pribadi atau sesederhana ingin pulang ke kampung halaman.\r\n\r\nMereka berpikir bahwa ini akan menjadi perjalanan seperti biasa, tanpa mereka sadari ada penyusup masuk ke dalam bis, membawa pesan penting yang harus di sampaikan ke Sampar. \r\n\r\nKehadiran penyusup membahayakan semua penumpang, orang paling dicari oleh kedua pihak yang bertikai, perintahnya temukan hidup atau mati!!\r\n\r\nSituasi menjadi semakin menegangkan ketika seluruh penumpang harus memperjuangkan hidupnya di antara desingan peluru. \r\n\r\nMereka bahkan harus menghadapi pihak lain yang justru tidak menginginkan konflik berakhir. Kaum oportunis, pemelihara konflik karena mereka hidup dari konflik, kesadisan dan kebengisan mereka semakin memberikan teror pada para penumpang bus.\r\n\r\nTidak ada yang tahu, siapa akan hidup dan siapa akan mati?!', 'Drama, Thriller, Action', 2007, '2007-05-11', 135, 'Emil Heradi', 'Rahabi Mandra', 'Yayu Unru, Teuku Rifnu Wikana, Hana Prinantina', 'http://www.21cineplex.com/data/gallery/pictures/148947703512087_300x430.jpg', '<iframe width=\"854\" height=\"480\" src=\"https://www.youtube.com/embed/VO9hVH6k3F0\" frameborder=\"0\" allowfullscreen></iframe>', 'tt0865924', 6.8, 0, 0, 0, 0, 2),
(57, 'BEST FRIEND FOREVER', 'Berkisah tentang ke empat remeja perempuan, Bianca(19th), Laura(18th), Sascha(19th) dan Tammy(18th) berencana menghabiskan jumat malam bersama. Kali ini Bianca merencanakan dengan sangat tertata, tidak seperti malam-malam sebelumnya. Namun, kenyataan tak seperti apa yang mereka berempat bayangkan. Rencana yang Bianca buat berubah 180 derajat, dan menjadi malapetaka.\r\n\r\nBianca, Laura, Sascha dan Tammy menjalani malam yang penuh dengan malapetaka yang datang hilir berganti menghampiri mereka berempat.\r\n\r\nPerjuangan Bianca, Laura, Sascha dan Tammy keluar dari situasi buruk, berujung Bianca harus kehilangan jejak pria idamannya. Yang membuat Bianca marah besar, sehingga memicu perkelahian diantara mereka berempat.\r\n\r\nDi malam yang sama Keempat sahabat ini menghadapi aksi-aksi berbahaya yang hampir merenggut nyawa dan membuat persahabatan mereka hancur.\r\n\r\nTingkah polos Bianca, Sascha, Tammy dan Laura dalam mengahadapi masalah membuat kekonyolan yang sangat lucu dan mampu memberikan arti tersendiri diantara mereka.\r\n\r\nNamun apakah Bianca, Sascha, Tammy dan Laura akan keluar dari mala petaka yang mengejar mereka pada malam itu ? Apa mungkin persahabatan mereka kembali baik seperti semula. Mampukah Bianca bertemu pria idamannya, serta siapakah pria idaman Bianca ? Saksikan kisah mereka dalam film Best Friends Forever, yang akan tayang di bioskop 6 April 2017.', 'Short, Comedy', 2012, '2012-07-19', 0, 'Estelle Linden', 'M. Rizkhi Faiz', 'Wendy Wilson, Kezia Karamoy, Yova Gracia, Ineke Valentina', 'http://www.21cineplex.com/data/gallery/pictures/148947679482206_300x430.jpg', '<iframe width=\"854\" height=\"480\" src=\"https://www.youtube.com/embed/WFox4ttcPM8\" frameborder=\"0\" allowfullscreen></iframe>', 'tt2558934', 0, 0, 0, 0, 0, 2),
(65, 'PHILLAURI', 'Seorang pemuda asal Mangalik, Kanan (Suraj Sharma) menikahi sebuah pohon sebagai ritual tolak bala agar dapat menikahi wanita pilihannya. \r\n\r\nNamun tanpa di sangka-sangka pohon yang ia nikahi tersebut berisi roh halus yang kemudian terus mengikuti langkah Kanan.', 'Comedy, Drama, Fantasy', 2017, '2017-03-24', 134, 'Anshai Lal', 'Anvita Dutt', 'Anushka Sharma, Diljit Dosanjh, Suraj Sharma, Mehreen Pirzada', 'https://images-na.ssl-images-amazon.com/images/M/MV5BMjA5Mjc3MTYyMl5BMl5BanBnXkFtZTgwMTgzNDkzMTI@._V1_SX300.jpg', '<iframe width=\"854\" height=\"480\" src=\"https://www.youtube.com/embed/uCTr7MGFK0U\" frameborder=\"0\" allowfullscreen></iframe>', 'tt5502766', 7.5, 0, 0, 0, 0, 2),
(69, 'SPIRITED AWAY', 'Film animasi karya sutradara ternama Jepang Hayao Miyazaki ini bercerita tentang kisah seorang gadis berumur 10 tahun bernama Chihiro dan kedua orangtuanya yang masuk ke sebuah tempat yang terlihat sebagai sebuah taman hiburan yang terabaikan. \r\n\r\nSetelah kedua orangtuanya berubah menjadi babi raksasa, Chihiro bertemu dengan sosok misterius Haku yang menjelaskan kepadanya bahwa tempat mereka berada adalah sebuah resort di mana makhluk supernatural berisitrahat dari alam duniawi. Untuk dapat membebaskan kedua orangtuanya, Chihiro harus bekerja di sebuah bath house yang dikepalai oleh penyihir bernama Yubaba.', 'Animasi, Drama', 2001, '2003-03-28', 122, 'Hayao Miyazaki', 'Hayao Miyazaki', 'Rumi Hiiragi, Miyu Irino, Mari Natsuki, Takashi Naitô', 'https://images-na.ssl-images-amazon.com/images/M/MV5BMTk3NTM1NTg1Ml5BMl5BanBnXkFtZTgwOTgzMTMyMDE@._V1_SX300.jpg', '<iframe width=\"854\" height=\"480\" src=\"https://www.youtube.com/embed/ByXuk9QqQkk\" frameborder=\"0\" allowfullscreen></iframe>', 'tt0245429', 8.6, 94, 0, 0, 0, 2),
(70, 'CRITICAL ELEVEN', 'Melalui Critical Eleven, pemenang Piala Citra Reza Rahadian dan Adinia Wirasti menghidupkan Ale dan Anya dari novel national bestseller karya Ika Natassa, pasangan muda yang bertemu dan saling terpikat dalam penerbangan Jakarta-Sydney. Pertemuan itu membawa mereka ke jenjang pernikahan, dan membuat keduanya mengambil keputusan besar sebagai pasangan karena pengorbanan yang harus dilakukan salah satu dari mereka: pindah ke New York.\r\n\r\nKota yang tidak pernah tidur ini ternyata membawa berkah bagi keduanya: kehamilan Anya yang mengubah hidup mereka. Sampai Ale dan Anya diterjang sebuah insiden yang membuat mereka tidak hanya mempertanyakan cinta, namun juga bergumul dengan ego dan harus memilih: menyerah dalam amarah atau menyembuhkan luka dan bertahan dalam ketidakpastian. Pilihan sulit itu bertambah pelik dengan kehadiran seseorang yang sudah lama mencintai Anya.', 'Drama', 2017, '2017-01-15', 120, 'Monty Tiwa', 'Jenny Jusuf, Ika Natassa', ' Reza Rahadian, Mark C. Fullhardt, Hannah Al Rashid', 'http://www.21cineplex.com/data/gallery/pictures/149155653948865_300x430.jpg', '<iframe width=\"854\" height=\"480\" src=\"https://www.youtube.com/embed/tn-IiueNqsY\" frameborder=\"0\" allowfullscreen></iframe>', 'tt6426714', 0, 0, 0, 0, 0, 0),
(98, 'SMURFS THE LOST VILLAGE', 'Ketika Smurfette (Demi Lovato) menemukan sebuah peta misterius, ia bersama para sahabatnya Brainy, Clumsy dan Hefty pergi dalam sebuah petualangan menuju sebuah hutan terlarang yang dihuni oleh hewan ajaib untuk mecari sebuah desa misterius sebelum penyihir jahat Gargamel menemukannya. Dengan melalui perjalan yang dipenuhi rintangan dan bahaya, para Smurf akan menemukan sebuah rahasia terbesar dalam sejarah kaum Smurf.', 'Animation, Adventure, Comedy', 2017, '2017-04-07', 89, 'Kelly Asbury', 'Stacey Harman, Pamela Ribon, Peyo (based on the characters and works of)', 'Demi Lovato, Rainn Wilson, Joe Manganiello, Jack McBrayer', 'https://images-na.ssl-images-amazon.com/images/M/MV5BMTg1NjgyMTYzM15BMl5BanBnXkFtZTgwMzIxNDc4MDI@._V1_SX300.jpg', '<iframe width=\"854\" height=\"480\" src=\"https://www.youtube.com/embed/vu1qZCG6Yo8\" frameborder=\"0\" allowfullscreen></iframe>', 'tt2398241', 5.8, 40, 8, 5, 0, 1),
(113, 'SATRIA HEROES REVENGE OF DARKNESS', 'Satu tahun telah berlalu semenjak satria Garuda Bima X mengalahkan Vudo. Warga Jakarta hidup dalam keadaan damai. Ray bersama Rena sedang menjaga kedamaian dan membangun dunia pararel kembali. \r\n\r\nDi bumi, Dimas Akhsara sedang mengembangkan bisnisnya ke Jepang dan bertemu dengan pimpinan Takarada Corp. Akan tetapi kekuatan jahat baru kembali menyerang dan Dimas menjadi korbannya. \r\n\r\nRay yang berada di dunia pararel memutuskan untuk kembali ke bumi untuk menyelidiki. Tanpa sepengetahuan Ray, musuh lama kembali bangkit dan memporak-porandakann Jakarta. Pertarungan sengit tidak terhindari.', 'Drama', 2017, '2014-11-01', 120, 'Kenzo Maihara, Arnandha Wyanto', 'Reino Barack, Ishimori Production', 'Christian Loho,Fernando Surya, Yayan Ruhian, Adhitya Alkatiri', 'http://www.21cineplex.com/data/gallery/pictures/149205837172577_300x430.jpg', '<iframe width=\"854\" height=\"480\" src=\"https://www.youtube.com/embed/uKTu5gX1g4Q\" frameborder=\"0\" allowfullscreen></iframe>', '', 0, 0, 0, 0, 0, 0),
(114, 'SETERU', 'Bertahun-tahun tawuran antara SMA Kesatuan Bangsa dan SMA Budi Pekerti di kota Yogyakarta berlangsung hingga memakan korban jiwa dan mewariskan dendam antar angkatan. SMA Kesatuan Bangsa didominasi siswa keturunan kelas menengah ke atas, sementara SMA Budi Pekerti didominasi oleh siswa pribumi kelas menengah bawah. \r\n\r\nPimpinan kedua sekolah sepakat untuk menyerahkan pentolan tawuran dari masing-masing sekolah untuk dibina oleh Letnan Kolonel RAHMAT (Mathias Muchus) sebagai Komandan Kodim yang menaungi kedua sekolah tersebut. Letkol Rahmat kemudian menugaskan pembinaan anak-anak tersebut kepada Letnan Satu MAKBUL (Alfie Alfandy), seorang perwira cemerlang yang dikenal keras kepada anak buah. Anak-anak itu, yang dipimpin MARTIN TAN (Bio One) dan RIDWAN (Yusuf Mahardika) dimasukkan ke Batalyon Inftantri 403 Wirasada Pratista di Kentungan, Yogyakarta.\r\n\r\nTempaan pembinaan meluluhkan perbedaan dan permusuhan di antara kedua kelompok itu, bahkan mereka bersatu menjadi kelompok olah raga futsal yang berprestasi. Tapi itu semua tidak mudah karena masih ada teman-teman mereka sendiri yang masih ingin memelihara dendam. Bahkan, ketika mereka bersiap meraih prestasi, teror dan dendam masih membayangi mereka. Dapatkah mereka mengatasi dendam dan perbedaan?', 'Drama', 2017, '2017-12-01', 120, 'Hanung Bramantyo', 'Bagus Bramanti', 'Yusuf Mahadika, Bio One Mathias, Muchus Mathias, Alfie Alfandy', 'http://www.21cineplex.com/data/gallery/pictures/149189477457886_300x430.jpg', '<iframe width=\"854\" height=\"480\" src=\"https://www.youtube.com/embed/0mnsgj8W6rU\" frameborder=\"0\" allowfullscreen></iframe>', '', 0, 0, 0, 0, 0, 0),
(115, 'SELEBGRAM', 'Kamal (Aldi Maldini) baru saja lulus kuliah. Kehidupannya berubah drastis ketika Bapaknya bangkrut. Semua kekayaannya ludes. Kisah cinta yang dibina bersama Billa (Barbie) juga kandas. Calon mertuanya memutuskan rencana pernikahan mereka.\r\n\r\nHidup Kamal bagaikan diujung tanduk ketika bapaknya berutang banyak pada rentenir. Meskipun begitu, Kamal selalu mencari jalan untuk membantu Bapaknya. Dia berharap bisa menjadi Selebgram agar bisa mendapat endorse dan menghasilkan uang. Sayang, menjadi Selebgram bukanlah perkara mudah.\r\n\r\nKamal putus asa. Cinta dan harta telah berpaling darinya. Ditengah keputus asaan itu, Kamal bertemu dengan Cello (Syifa Hadju). Gadis tunawicara itu mengubah jalan hidupnya. Cinta menggetarkan hati Kamal dan membuatnya mampu menghadapi semua persoalan dibantu dengan Sherly (Ria Ricis), Kakak Cello.\r\n\r\nBagaimana Kamal mengatasi semua masalahnya? Berhasilkah Kamal mewujudkan mimpinya untuk jadi Selebgram? Saksikan film hiburan ini di bioskop kesayangan Anda, 10 Mei 2017.', 'Comedy', 2017, '2017-05-10', 120, 'Wishnu Kuncoro', 'Herri Arissa, Puji Lestari', ' Ria Ricis, Billa Barbie, Arief Didu, Opie Kumis, Aldi Maldini, Syifa Hadju', 'http://www.21cineplex.com/data/gallery/pictures/149179495071313_300x430.jpg', '<iframe width=\"854\" height=\"480\" src=\"https://www.youtube.com/embed/7pzvWzZEIXE\" frameborder=\"0\" allowfullscreen></iframe>', '', 0, 0, 0, 0, 0, 0),
(119, 'STIP & PENSIL', 'Toni (Ernest Prakasa), Aghi (Ardit Erwandha), Bubu (Tatjana Saphira) dan Saras (Indah Permatasari) adalah anak anak orang kaya yang dimusuhi anak anak di SMU sekolahnya. Karena dibanding yang lain mereka selalu merasa sok jago dan songong.', 'Comedy, Family', 2016, '2016-10-07', 92, 'Steve Carr', 'Chris Bowman (screenplay), Hubbel Palmer (screenplay), Kara Holden (screenplay), James Patterson (based on the book by), Chris Tebbetts (based on the book by)', 'Griffin Gluck, Lauren Graham, Alexa Nisenson, Andrew Daly', 'http://www.21cineplex.com/data/gallery/pictures/148997964817267_300x430.jpg', '<iframe width=\"854\" height=\"480\" src=\"https://www.youtube.com/embed/spIsyTJ0DS8\" frameborder=\"0\" allowfullscreen></iframe>', 'tt4981636', 6.1, 51, 10, 8, 0, 1),
(120, 'KONG SKULL ISLAND', 'Pada tahun 1970an, sekelompok tim penjelajah dikirim untuk menelusuri sebuah pulau misterius bernama Skull Island yang terletak di samudera Hindia. Mereka segera menyadari ancaman yang terdapat di pulau tersebut sebab Skull Island adalah rumah dari kera raksasa bernama King Kong yang memiliki kekuatan dahsyat dan kecerdasan yang menyerupai manusia.', 'Action, Adventure, Fantasy', 2017, '2017-03-10', 119, 'Jordan Vogt-Roberts', 'Dan Gilroy (screenplay), Max Borenstein (screenplay), John Gatins (story), Dan Gilroy (story), Merian C. Cooper (original story), Edgar Wallace (original story)', 'Tom Hiddleston, Corey Hawkins, Brie Larson, Samuel L. Jackson', 'https://images-na.ssl-images-amazon.com/images/M/MV5BMTUwMzI5ODEwNF5BMl5BanBnXkFtZTgwNjAzNjI2MDI@._V1_SX300.jpg', '<iframe width=\"854\" height=\"480\" src=\"https://www.youtube.com/embed/44LdLqgOpjo\" frameborder=\"0\" allowfullscreen></iframe>', 'tt3731562', 0, 0, 0, 0, 0, 2),
(121, 'GUARDIANS OF THE GALAXY VOL. 2', 'Pada seri kedua film Guardian of the Galaxy, Peter Quills (Chris Pratt) dan para Guardians kembali melanjutkan petualangan mereka dengan menjelajahi bagian terluar dari kosmos. Kali ini, persahabatan para Guardians akan diuji pada saat mereka mengungkap misteri dari', NULL, NULL, NULL, NULL, NULL, NULL, NULL, 'http://www.21cineplex.com/data/gallery/pictures/149086206646137_300x430.jpg', NULL, NULL, NULL, NULL, 0, 0, 0, 3),
(122, 'MIDDLE SCHOOL: THE WORST YEARS OF MY LIFE', 'Imajinatif tenang remaja Rafe Katchadorian lelah dari sekolah menengah obsesi dengan aturan di biaya apapun dan semua kreativitas. Putus asa untuk menggoyang, Rafe dan teman-temannya terbaik telah datang dengan rencana: mematahkan setiap aturan tunggal di sekolah dan membiarkan siswa berjalan liar.', 'Comedy, Family', 2016, '2016-10-07', 92, 'Steve Carr', 'Chris Bowman (screenplay), Hubbel Palmer (screenplay), Kara Holden (screenplay), James Patterson (based on the book by), Chris Tebbetts (based on the book by)', 'Griffin Gluck, Lauren Graham, Alexa Nisenson, Andrew Daly', 'https://images-na.ssl-images-amazon.com/images/M/MV5BNjQzMTczNjI0Ml5BMl5BanBnXkFtZTgwODY5MTY5OTE@._V1_SX300.jpg', NULL, 'tt4981636', 6.1, 51, 0, 0, 0, 3),
(123, 'DANUR', 'Gadis yang mendapatkan persahabatan dengan 5 hantu.', 'Horror', 2017, '2017-03-30', 78, 'Awi Suryadi', 'N/A', 'Prilly Latuconsina, Shareefa Daanish, Asha Kenyeri Bermudez, Kevin Bzezovski', 'https://images-na.ssl-images-amazon.com/images/M/MV5BYWNlODg3YTMtMTQxNC00NGFkLTk1MGQtMDhiYWU3ZjVjYjM2XkEyXkFqcGdeQXVyMzMzNjk0NTc@._V1_SX300.jpg', '<iframe width=\"854\" height=\"480\" src=\"https://www.youtube.com/embed/YLU6Qfi0cDY\" frameborder=\"0\" allowfullscreen></iframe>', 'tt6496236', 6.8, 0, 34, 31, 0, 1),
(128, 'KING ARTHUR: LEGEND OF SWORD', 'Petualangan Arthur (Charlie Hunnam) bersama teman-temannya membawa dia mengangkat pedang Excalibur yang melegenda.  Kemudian dengan pedang &ldquo;magis&rdquo; Excalibur itu, Arthur bergabung dengan seorang wanita misterius bernama Guinevere.   Ia terus mempelajari kekuatan pedang tersebut untuk bisa', NULL, NULL, NULL, NULL, NULL, NULL, NULL, 'http://www.21cineplex.com/data/gallery/pictures/149248561879841_300x430.jpg', NULL, NULL, NULL, NULL, 0, 0, 0, 3),
(129, 'ALIEN: COVENANT', 'Awak kapal koloni Perjanjian, terikat untuk sebuah planet terpencil di sisi jauh galaksi, menemukan apa yang mereka pikir adalah surga yang belum dipetakan, tapi ini benar-benar gelap, berbahaya di dunia. Ketika mereka menemukan sebuah ancaman di luar imajinasi mereka, mereka harus mencoba melarikan diri mengerikan', 'Sci-Fi, Thriller', 2017, '2017-05-19', 0, 'Ridley Scott', 'John Logan (screenplay), Dante Harper (screenplay), Jack Paglen (story by), Michael Green (story by), Dan O\'Bannon (based on characters created by), Ronald Shusett (', 'Katherine Waterston, Michael Fassbender, James Franco, Noomi Rapace', 'https://images-na.ssl-images-amazon.com/images/M/MV5BNzI5MzM3MzkxNF5BMl5BanBnXkFtZTgwOTkyMjI4MTI@._V1_SX300.jpg', '<iframe width=\"854\" height=\"480\" src=\"https://www.youtube.com/embed/H0VW6sg50Pk\" frameborder=\"0\" allowfullscreen></iframe>', 'tt2316204', 0, 0, 0, 0, 0, 0),
(130, 'AFTERMATH', 'Dua orang asing\' hidup menjadi terikat erat bersama-sama setelah bencana kecelakaan pesawat. Terinspirasi oleh peristiwa-peristiwa aktual, SETELAH bercerita tentang rasa bersalah dan balas dendam setelah pengendali lalu lintas udara (Scoot McNairy) kesalahan yang menyebabkan kematian seorang mandor bangunan (Arnold Schwarzenegger) istri dan putrinya.', 'Drama, Thriller', 2017, '2017-04-07', 92, 'Elliott Lester', 'Javier Gullón', 'Arnold Schwarzenegger, Maggie Grace, Kevin Zegers, Scoot McNairy', 'https://images-na.ssl-images-amazon.com/images/M/MV5BMWFkYmM2ZTctNmZjZi00MWQwLWI0MjctZDdiNjJlMTlmNzdkL2ltYWdlXkEyXkFqcGdeQXVyMjM4NTM5NDY@._V1_SX300.jpg', '<iframe width=\"854\" height=\"480\" src=\"https://www.youtube.com/embed/ZN8toxhSn9Y\" frameborder=\"0\" allowfullscreen></iframe>', 'tt4581576', 6, 43, 0, 0, 0, 1),
(131, 'STIP DAN PENSIL', NULL, 'Drama', NULL, NULL, 0, NULL, NULL, NULL, NULL, NULL, NULL, NULL, NULL, 0, 0, 0, 4);

-- --------------------------------------------------------

--
-- Table structure for table `review`
--

CREATE TABLE `review` (
  `id` int(11) NOT NULL,
  `film_id` int(11) NOT NULL,
  `email` varchar(256) NOT NULL,
  `rating` tinyint(2) NOT NULL,
  `review` text NOT NULL,
  `tanggal` datetime NOT NULL DEFAULT CURRENT_TIMESTAMP
) ENGINE=InnoDB DEFAULT CHARSET=latin1;

--
-- Dumping data for table `review`
--

INSERT INTO `review` (`id`, `film_id`, `email`, `rating`, `review`, `tanggal`) VALUES
(4, 26, 'meloniaseven@gmail.com', 7, 'Great. Love this one. Super funny. So many lovable characters (I love the batman!!)', '2017-03-08 21:56:21'),
(5, 33, 'meloniaseven@gmail.com', 6, 'Meh, not that great.\r\nSangat mengecewakan ya buat yg udah nonton semua seri xmen. Ini film yg memang buat jadi akhirnya dr xmen, tapi ya ampun, mengecewakan deh pokoknya. Ceritanya ga jelas, karakteristiknya Wolverine The Legend yg dr awal cerita itu immortal + ageless, sekarang tiba-tiba jadi tua dan sakit\"an. Darimana bisa kayak gitu? Ga dijelasin. Sama kayak film xmen sebelumnya (Future Past), ga jelas darimana awalnya. Top deh.', '2017-03-08 21:56:21'),
(6, 35, 'meloniaseven@gmail.com', 6, 'Film apa ini, ga jelas banget', '2017-03-08 21:58:49'),
(8, 29, 'scooby@gmail.com', 9, 'Top deh. Suka banget gw sama film ini.', '2017-03-08 21:59:50'),
(9, 33, 'scooby@gmail.com', 9, 'action-nya keren banget brooohhh!! love laura!!', '2017-03-08 21:59:50'),
(12, 35, 'scooby@gmail.com', 7, 'yahh oke lahh', '2017-03-09 17:36:27'),
(14, 29, 'meloniaseven@gmail.com', 9, 'dayumm sooo coooolllll', '2017-03-13 21:08:06');

-- --------------------------------------------------------

--
-- Table structure for table `tweets`
--

CREATE TABLE `tweets` (
  `id` int(11) NOT NULL,
  `film_id` int(11) NOT NULL,
  `tweet` varchar(256) NOT NULL,
  `status` tinyint(1) NOT NULL,
  `timestamp` datetime NOT NULL DEFAULT CURRENT_TIMESTAMP,
  `truth_rule` tinyint(1) NOT NULL DEFAULT '1',
  `truth_naive` tinyint(1) NOT NULL DEFAULT '1'
) ENGINE=InnoDB DEFAULT CHARSET=latin1;

--
-- Dumping data for table `tweets`
--

INSERT INTO `tweets` (`id`, `film_id`, `tweet`, `status`, `timestamp`, `truth_rule`, `truth_naive`) VALUES
(1, 4, 'serasa di JUDULFILM kali main tembak aja mobil orang   ', 2, '2017-04-21 09:38:16', 0, 0),
(2, 4, 'HASHTAG    gateway cinema araneta cubao URL', 2, '2017-04-21 09:38:16', 0, 0),
(3, 4, 'siis mampir yuuk  gt gt URL HASHTAG HASHTAG HASHTAG HASHTAG', 2, '2017-04-21 09:38:16', 0, 0),
(4, 4, 'yang mau koleksinya nambah cek aja gaes URL HASHTAG HASHTAG HASHTAG HASHTAG', 2, '2017-04-21 09:38:16', 0, 0),
(5, 4, ' news produser HASHTAG sdh siapkan akhir franchise nya  URL via USERNAME URL', 2, '2017-04-21 09:38:16', 0, 0),
(6, 4, 'lebih nendang nonton HASHTAG di 4dx USERNAME diskon rp 55 000 dgn kode bms4dxcgv hanya di bookmyshow s amp k  URL', 2, '2017-04-21 09:38:16', 0, 0),
(7, 4, 'biar kekinian jg       HASHTAG HASHTAG  xxl scp samarinda URL', 2, '2017-04-21 09:38:16', 0, 0),
(8, 4, 'nak tngk JUDULFILM         ', 2, '2017-04-21 09:38:16', 0, 0),
(9, 4, 'bila kawan ajak tengok JUDULFILM kat kl and kau masih kat pahang jahatnyaaa hmmm nak ikutttt   ', 2, '2017-04-21 09:38:16', 0, 0),
(10, 4, 'USERNAME jom tengok JUDULFILM', 2, '2017-04-21 09:38:16', 0, 0),
(11, 4, 'michelle pengen boil sepot pelali omg  HASHTAG HASHTAG HASHTAG HASHTAG HASHTAG   HASHTAG  URL', 2, '2017-04-21 09:38:16', 0, 0),
(12, 4, 'kendrick lamar  dna  HASHTAG HASHTAG HASHTAG HASHTAG HASHTAG HASHTAG HASHTAG HASHTAG URL', 2, '2017-04-21 09:38:16', 0, 0),
(13, 4, 'kaga nyesel nonton HASHTAG HASHTAG HASHTAG amp furious8 HASHTAG HASHTAG  URL', 2, '2017-04-21 09:38:16', 0, 0),
(14, 4, 'JUDULFILM   watching fast amp furious 8 at cinemaximum akasya avm URL', 2, '2017-04-21 09:38:16', 0, 0),
(15, 4, 'kifupi wameshindwa kutengeneza filamu nzuri itakayomshawishi mtu kuketi na kuitizama  acheni bhana fast and furiou  URL', 2, '2017-04-21 09:38:16', 0, 0),
(16, 4, 'kan bego ya mau update path JUDULFILM terus gaada jadinya ga update tapi ternyata namanya the fate and furious 8 ', 2, '2017-04-21 09:38:16', 0, 0),
(17, 4, 'JUDULFILM ke 2 kalinya URL', 2, '2017-04-21 09:38:16', 0, 0),
(18, 4, 'team pacet ngoro peterongan  HASHTAG HASHTAG  URL', 2, '2017-04-21 09:38:16', 0, 0),
(19, 4, 'keturutan juga JUDULFILM na', 2, '2017-04-21 09:38:16', 0, 0),
(20, 4, 'nggak cuma kebut kebutan di JUDULFILM  URL URL', 2, '2017-04-21 09:38:16', 0, 0),
(21, 4, 'lhoh tormund  HASHTAG', 2, '2017-04-21 09:38:16', 0, 0),
(22, 4, 'actually fast and furious yang first punya belum pernah tengok abeh ni JUDULFILM dah keluar', 2, '2017-04-21 09:38:16', 0, 0),
(23, 4, 'gaston udah ga sama le fou lagi disini tapi sama baby face jason statam HASHTAG', 2, '2017-04-21 09:38:16', 0, 0),
(24, 4, 'fast 10 3  ngko njuk ganti judul  ning tetep intine fast11 v  koyo sinetron indonesia  ra tamat tamat v URL', 2, '2017-04-21 09:38:16', 0, 0),
(25, 4, 'akhirnya bisa juga nonton JUDULFILM  basura xxi URL', 2, '2017-04-21 09:38:16', 0, 0),
(26, 4, 'HASHTAG at USERNAME in balikes r bandirma URL', 2, '2017-04-21 09:38:16', 0, 0),
(27, 4, 'kayaknya dr semua tiket yg tercetak tulisan judulnya JUDULFILM semua padahal judul aslinya the    URL', 2, '2017-04-21 09:38:16', 0, 0),
(28, 4, 'beauty and the beast tak tgk power rangers tak tgk JUDULFILM tak tgk just semua tak tgk', 2, '2017-04-21 09:38:16', 0, 0),
(29, 4, 'kucek mata dl HASHTAG HASHTAG HASHTAG HASHTAG HASHTAG HASHTAG  URL', 2, '2017-04-21 09:38:16', 0, 0),
(30, 4, 'penonton indonesia nyumbang 119 miliar buat rekor yg dicetak ff8  gile URL', 2, '2017-04-21 09:38:16', 0, 0),
(31, 4, 'nak tengok JUDULFILM lagii     ', 2, '2017-04-21 09:38:16', 0, 0),
(32, 4, 'alhamdulilah  tercapai jugak hajat nak tengok HASHTAG     ', 2, '2017-04-21 09:38:16', 0, 0),
(33, 4, 'ada kek yg ngajakin nonton JUDULFILM  ogah bgt kl nonton sendiri ', 2, '2017-04-21 09:38:16', 0, 0),
(34, 4, 'USERNAME ni sbb lepas tengok JUDULFILM', 2, '2017-04-21 09:38:16', 0, 0),
(35, 4, 'USERNAME the JUDULFILM ayooo  kak taehyung yg bayarin yaa', 2, '2017-04-21 09:38:16', 0, 0),
(36, 4, '21 4 HASHTAG HASHTAG narasimha telugu 2nd wk HASHTAG srinarasimha 2nd wk  HASHTAG sowjanya 2nd wk HASHTAG sukanya', 2, '2017-04-21 09:38:16', 0, 0),
(37, 4, 'who cares dh nk masuk kali ke 3 tgk movie JUDULFILM ', 2, '2017-04-21 09:38:16', 0, 0),
(38, 4, 'USERNAME USERNAME yalah oh JUDULFILM best gik drpd turun kelas nak apez oh', 0, '2017-04-21 09:38:16', 1, 1),
(39, 4, 'ternyata kenji ponakan saya jadi artis di film HASHTAG berperan sebagai brian carlos   URL', 1, '2017-04-21 09:38:16', 1, 1),
(40, 4, 'HASHTAG film JUDULFILM dinikmati khalayak umum terbukti kesuksesan JUDULFILM ini terlihat di bebe  URL', 1, '2017-04-21 09:38:16', 1, 1),
(41, 4, 'again  HASHTAG  21 cineplex xxi supermall pakuwon indah URL', 1, '2017-04-21 09:38:16', 1, 1),
(42, 4, 'nasib emak2           gak bakalan bz nnton JUDULFILM krn ada larangan bawa anak2             penuh cinta', 1, '2017-04-21 09:38:16', 1, 1),
(43, 4, 'JUDULFILM memang best gila sampai takleh describe nak tengokkkkk lagiiiiuuu', 1, '2017-04-21 09:38:16', 1, 1),
(44, 4, 'kena tengok JUDULFILM sebab assigment sepanjang berada dalam wayang macam satu penderitaan panjang ', 1, '2017-04-21 09:38:16', 1, 1),
(45, 4, 'ramai yang dah tengok JUDULFILM dan aku masih rilek dan sabar ya aku masih kuat ', 1, '2017-04-21 09:38:16', 1, 1),
(46, 4, 'vin diesel dan the rock siap tampil di sekuel JUDULFILM URL URL', 1, '2017-04-21 09:38:16', 1, 1),
(47, 4, 'film pilihan akhir pekan sejak dirilis belum lama ini sekuel aksi para pebalap jalanan dalam JUDULFILM   URL', 1, '2017-04-21 09:38:16', 1, 1),
(48, 4, 'vin diesel dan the rock siap tampil di sekuel JUDULFILM URL los angeles  URL', 1, '2017-04-21 09:38:16', 1, 1),
(49, 4, 'vin diesel dan the rock siap tampil di sekuel JUDULFILM URL HASHTAG URL', 1, '2017-04-21 09:38:16', 1, 1),
(50, 4, 'vin diesel dan the rock siap tampil di sekuel JUDULFILM URL', 1, '2017-04-21 09:38:16', 1, 1),
(51, 4, 'vin diesel dan the rock siap tampil di sekuel JUDULFILM URL HASHTAG', 1, '2017-04-21 09:38:16', 1, 1),
(52, 4, 'new post  vin diesel dan the rock siap tampil di sekuel JUDULFILM URL', 1, '2017-04-21 09:38:16', 1, 1),
(53, 4, 'macam nak pi tengok JUDULFILM lagi rambut cipher tu elok sungguh no ', 1, '2017-04-21 09:38:16', 1, 1),
(54, 4, 'inilah 4 fakta unik JUDULFILM yang belum diketahui  URL', 0, '2017-04-21 09:38:16', 1, 1),
(55, 4, 'rse mcm nk buat hotspot and download terus lagu ost HASHTAG HASHTAG', 1, '2017-04-21 09:38:16', 1, 1),
(56, 4, 'jadwal penayangan film di rajawali cinema purwokerto hari jumat 21 april 2017 JUDULFILM d jam   URL', 0, '2017-04-21 09:38:16', 1, 1),
(57, 4, 'semalam nonton JUDULFILM  dalam film fiksi pun yang jahat akhirnya kalah amp hancur jangan lelah menebar  URL', 0, '2017-04-21 09:38:16', 1, 1),
(58, 4, 'anak anak smp sma di nganjuk sini ada film sejuta umat berjudul JUDULFILM yang ditonton malah film indonesia fiuuh ', 1, '2017-04-21 09:38:16', 1, 1),
(59, 4, 'pesan dari film JUDULFILM  seorang ayah tidak hanya menyayangi dan melindungi anak laki lakinya tetapi keluarga besarnya juga ', 1, '2017-04-21 09:38:16', 1, 1),
(60, 4, 'semalam nonton JUDULFILM  dalam film fiksi pun yang jahat akhirnya kalah amp hancur jangan lelah menebar kebaikan ', 0, '2017-04-21 09:38:16', 1, 1),
(61, 4, 'charlize theron saat beradu akting dengan aktor vin diesel di film serial terbaru JUDULFILM', 1, '2017-04-21 09:38:16', 1, 1),
(62, 4, 'sumber info 83 mengupas teknologi mengerikan di JUDULFILM URL', 0, '2017-04-21 09:38:16', 1, 1),
(63, 4, 'di JUDULFILM  bahkan dalam film fiksi pun yang jahat akhirnya kalah amp hancur  dulu kalah di pilbup  URL', 0, '2017-04-21 09:38:16', 1, 1),
(64, 4, 'inilah 4 fakta unik JUDULFILM yang belum diketahui URL', 0, '2017-04-21 09:38:16', 1, 1),
(65, 4, 'buat yg ngikutin agents of s h i e l d pasti kecewa sih nonton JUDULFILM nyalain emp pas nyetir mobil lol ', 0, '2017-04-21 09:38:16', 1, 1),
(66, 4, 'JUDULFILM  imax summarecon mal bekasi in bekasi jawa barat URL', 1, '2017-04-21 09:38:16', 1, 1),
(67, 4, 'adanya film danur skip takut horor JUDULFILM skip nggak ngikutin filmnya dr awal stip and pencil hmm   dan the guys', 0, '2017-04-21 09:38:16', 1, 1),
(68, 4, 'baru nonton JUDULFILM  bahkan dalam film fiksi pun yang jahat akhirnya kalah amp hancur jangan lelah menebar kebaikan ', 0, '2017-04-21 09:38:16', 1, 1),
(69, 4, 'HASHTAG ok  rasa nak tgk lagi jee   baby tu mmg buat aku gerammmmmmmm   comel sgt la', 1, '2017-04-21 09:38:16', 1, 1),
(70, 4, 'gajahmada cinema tegal jumat 21 april 2017 cinema 4 JUDULFILM dewasa 12 30  15 10  17 50  20 30', 1, '2017-04-21 09:38:16', 1, 1),
(71, 4, 'bagus sih HASHTAG makin gokil aja cara ngancurin mobilnya tapi entah favoritku masih HASHTAG', 0, '2017-04-21 09:38:16', 1, 1),
(72, 4, 'pecahhh filmnyaaaa favourite film bgt pokonya  thanksff8 see you ff9 HASHTAG HASHTAG URL', 0, '2017-04-21 09:38:16', 1, 1),
(73, 4, 'USERNAME kenapa aku rasa ni mcm dari plot movie JUDULFILM ahahahha cis ', 0, '2017-04-21 09:38:16', 1, 1),
(74, 4, 'nonton HASHTAG HASHTAG jaitan takut mbrodol aja       beberapa kali sampe megang perut  ', 0, '2017-04-21 09:38:16', 1, 1),
(75, 4, 'fast and furious 7 dua kali nntn di bioskop dari bau baunya JUDULFILM juga bakalan dua kali nih nntn di bioskop  ', 0, '2017-04-21 09:38:16', 1, 1),
(76, 4, 'spoiler berat  bryan muncul lagi di film ke 8 ini  tapi ga pake cgi hmmm HASHTAG', 1, '2017-04-21 09:38:16', 1, 1),
(77, 4, 'beda sama jason yg biasanya kalem dan pendiem disini jason statam banyak omong HASHTAG', 1, '2017-04-21 09:38:16', 1, 1),
(78, 4, 'dan kebiasaan yang lain  dulu jadi musuh sekarang jadi family HASHTAG', 0, '2017-04-21 09:38:16', 1, 1),
(79, 4, 'kebiasaan banget fast furious ngidupin orang mati  dulu letty trus sekarang si gaston HASHTAG', 0, '2017-04-21 09:38:16', 1, 1),
(80, 4, 'kenapa lah brian ni comel sangat    HASHTAG URL', 0, '2017-04-21 09:38:16', 1, 1),
(81, 4, 'diajakin nonton JUDULFILM dua kali aja aku masih mau gila keren abis ', 0, '2017-04-21 09:38:16', 1, 1),
(82, 4, 'vin diesel amp dwayne johnson akan kembali tampil di fast amp furious 9 dan 10 HASHTAG HASHTAG URL independent ', 1, '2017-04-21 09:38:16', 1, 1),
(83, 4, 'yang belum yakin mau nonton fast furious 8 mungkin angka box office ini bisa meyakinkan kalian URL', 0, '2017-04-21 09:38:16', 1, 1),
(84, 4, 'film film keren ini sudah tayang di bioskop loh jangan sampai ketingalan ya sahabat trivia URL', 0, '2017-04-21 09:38:16', 1, 1),
(85, 4, 'bila ai tgk cerita JUDULFILM kan  ai mesti sedih sbb idola ai x ada dlm cerita tue  paul walker dia je dpt buat part fly  tue   ', 0, '2017-04-21 09:38:16', 1, 1),
(86, 4, 'akhir nya nonton the fate of the furious  JUDULFILM  film yg paling di tunggu2       ', 0, '2017-04-21 09:38:16', 1, 1),
(87, 4, 'terbukti bahwa keluarga adalah no 1 HASHTAG', 1, '2017-04-21 09:38:16', 1, 1),
(88, 4, 'JUDULFILM done walaupun nonton sendirian  ', 0, '2017-04-21 09:38:17', 1, 1),
(89, 4, 'HASHTAG bagus kok    bodo amat ama orang2 ngomong apaan  ', 0, '2017-04-21 09:38:17', 1, 1),
(90, 4, '  kumpulan film baru rilis 2016 2017 indo luar 1 JUDULFILM 2017 hdcam sub indo  gt   URL', 0, '2017-04-21 09:38:17', 1, 1),
(91, 45, ' wuh jom bissan mom JUDULFILM ', 2, '2017-04-21 09:40:25', 0, 0),
(92, 45, 'USERNAME marilah kita JUDULFILM from di babikan oleh pemanggil2 nokhorom   ', 2, '2017-04-21 09:40:25', 0, 0),
(93, 45, 'heard that jordan peele s JUDULFILM is real good rasanya keluar dekat panggung ', 2, '2017-04-21 09:40:25', 0, 0),
(94, 45, 'USERNAME mereka yang lebay suruh JUDULFILM aja dari jakarta mbak   ', 2, '2017-04-21 09:40:25', 0, 0),
(95, 45, 'tonton ini kejadiannya sama kayak di indonesia  poland to muslims  here jesus is our king so JUDULFILM  URL', 2, '2017-04-21 09:40:25', 0, 0),
(96, 45, 'JUDULFILM     mbo cinemas in subang jaya selangor URL URL', 2, '2017-04-21 09:40:25', 0, 0),
(97, 45, 'JUDULFILM at USERNAME in petaling jaya selangor URL', 2, '2017-04-21 09:40:25', 0, 0),
(98, 45, 'JUDULFILM at USERNAME in petaling jaya selangor URL', 2, '2017-04-21 09:40:25', 0, 0),
(99, 45, 'siapa dah tengok JUDULFILM ', 2, '2017-04-21 09:40:25', 0, 0),
(100, 45, 'nak tengok JUDULFILM     ', 2, '2017-04-21 09:40:25', 0, 0),
(101, 45, ' wuh jom bissan mom JUDULFILM ', 2, '2017-04-21 09:40:25', 0, 0),
(102, 45, 'nyesel harusnya nnton JUDULFILM dulu sebelom ff8 ternyata di takeover semua sama ff8 dan JUDULFILM penayangannya cuma beberapa hari hhhmmmm', 2, '2017-04-21 09:40:25', 0, 0),
(103, 45, 'nak tengok JUDULFILM plsssss', 2, '2017-04-21 09:40:25', 0, 0),
(104, 45, ' JUDULFILM utah        URL', 2, '2017-04-21 09:40:25', 0, 0),
(105, 45, ' JUDULFILM saki senpai  URL', 2, '2017-04-21 09:40:25', 0, 0),
(106, 45, 'nasus gt renekton JUDULFILM', 2, '2017-04-21 09:40:25', 0, 0),
(107, 45, 'JUDULFILM dah keluar n here i am still tak tengok fast8', 2, '2017-04-21 09:40:25', 0, 0),
(108, 45, 'ahjskddk broom broom JUDULFILM me car URL', 2, '2017-04-21 09:40:25', 0, 0),
(109, 45, 'USERNAME bila JUDULFILM keluar ', 2, '2017-04-21 09:40:25', 0, 0),
(110, 45, 'setakat jam 2 11 a m tiada sebarang spoiler JUDULFILM ', 2, '2017-04-21 09:40:25', 0, 0),
(111, 45, 'JUDULFILM  mbo cinemas in subang jaya selangor URL', 2, '2017-04-21 09:40:25', 0, 0),
(112, 45, ' wuh jom bissan mom JUDULFILM ', 2, '2017-04-21 09:40:25', 0, 0),
(113, 45, 'jadual mcm    nak mtk cuti mcm    i shud JUDULFILM from this hell  nak aku keje 5 hr straight  nuts  HASHTAG', 2, '2017-04-21 09:40:25', 0, 0),
(114, 45, 'HASHTAG JUDULFILM blu ray  dvd  digital hd  JUDULFILM blu ray  dvd  digital hd daniel kaluuya  URL HASHTAG HASHTAG', 2, '2017-04-21 09:40:25', 0, 0),
(115, 45, 'mau nonton JUDULFILM dari sebelum keluar di xxi sampe udah mau kelar di xxi belom zempet zempet zedih ', 2, '2017-04-21 09:40:25', 0, 0),
(116, 45, 'stopsbd JUDULFILM URL', 2, '2017-04-21 09:40:25', 0, 0),
(117, 45, 'nak tgk JUDULFILM nak tgk JUDULFILM', 2, '2017-04-21 09:40:25', 0, 0),
(118, 45, '          JUDULFILM  HASHTAG    URL', 2, '2017-04-21 09:40:25', 0, 0),
(119, 45, 'USERNAME USERNAME USERNAME USERNAME samakale aniesor  mendikbud  belum klar udah JUDULFILM  ', 2, '2017-04-21 09:40:25', 0, 0),
(120, 45, 'USERNAME USERNAME justru ustad seprti ini yg JUDULFILM cuma jago provokator', 2, '2017-04-21 09:40:25', 0, 0),
(121, 45, 'JUDULFILM at USERNAME in petaling jaya selangor w USERNAME USERNAME URL', 2, '2017-04-21 09:40:25', 0, 0),
(122, 45, 'JUDULFILM  at USERNAME in petaling jaya selangor URL', 2, '2017-04-21 09:40:25', 0, 0),
(123, 45, 'USERNAME kemarin kan ada filmnya  JUDULFILM', 2, '2017-04-21 09:40:25', 0, 0),
(124, 45, 'JUDULFILM   golden screen cinemas gsc  USERNAME in petaling jaya selangor URL', 2, '2017-04-21 09:40:25', 0, 0),
(125, 45, 'knp ya kok aku kebayang2 adegan di JUDULFILM mulu padahal udh beberapa minggu yg lalu nontonnya                                       ', 2, '2017-04-21 09:40:25', 0, 0),
(126, 45, 'kudu banget yak kita ng eoong cuma   no  no cuma      untuk mantengin JUDULFILM   URL URL', 2, '2017-04-21 09:40:25', 0, 0),
(127, 45, 'USERNAME jom tengok JUDULFILM ', 2, '2017-04-21 09:40:25', 0, 0),
(128, 45, ' wuh jom bissan mom JUDULFILM ', 2, '2017-04-21 09:40:25', 0, 0),
(129, 45, 'nak tgk JUDULFILM ', 2, '2017-04-21 09:40:25', 0, 0),
(130, 45, 'mau tengok movie JUDULFILM   ', 2, '2017-04-21 09:40:25', 0, 0),
(131, 45, 'JUDULFILM  at USERNAME in petaling jaya selangor URL', 2, '2017-04-21 09:40:25', 0, 0),
(132, 45, 'JUDULFILM ya feeling lil bihh', 2, '2017-04-21 09:40:25', 0, 0),
(133, 45, '33 jyj  JUDULFILM 34 jyj  back seat 35 jyj  found you 36 jyj  the boy s letter 37 jyj  fallen leaves 38 jyj  nine', 2, '2017-04-21 09:40:25', 0, 0),
(134, 45, 'mypov  URL HASHTAG HASHTAG URL', 2, '2017-04-21 09:40:25', 0, 0),
(135, 45, 'iconic mm URL', 2, '2017-04-21 09:40:25', 0, 0),
(136, 45, 'tkde lg ke yg tgk cte JUDULFILM ', 2, '2017-04-21 09:40:25', 0, 0),
(137, 45, 'nak tengoj thor ngan JUDULFILM sahajaa', 2, '2017-04-21 09:40:25', 0, 0),
(138, 45, 'USERNAME abg dh tgk movie JUDULFILM klau dh nnt tlg review ya  ', 2, '2017-04-21 09:40:25', 0, 0),
(139, 45, 'bilal asif ki ziada taaref kar di thi such an ugly shot to JUDULFILM', 2, '2017-04-21 09:40:25', 0, 0),
(140, 45, 'nak tengok JUDULFILM   ', 2, '2017-04-21 09:40:25', 0, 0),
(141, 45, ' mv jyj JUDULFILM URL', 2, '2017-04-21 09:40:25', 0, 0),
(142, 45, 'cerita JUDULFILM best dak ', 1, '2017-04-21 09:40:25', 1, 1),
(143, 45, 'kalau ajak tengok cerita JUDULFILM  nak tengok dak hhahaha', 0, '2017-04-21 09:40:25', 1, 1),
(144, 45, 'speaking of film mau download JUDULFILM udh ada blm ya', 0, '2017-04-21 09:40:25', 1, 1),
(145, 45, 'kalau nak tengok movie sekarang ni korang try tengok movie nama JUDULFILM  rating sampai 8 2  URL', 0, '2017-04-21 09:40:25', 1, 1),
(146, 45, 'film HASHTAG gimana sih feedbacknya di amerika berada dipuncak', 0, '2017-04-21 09:40:25', 1, 1),
(147, 45, 'aku harap kau cepat habis practical n perform dgn cemerlang gemilang terbilang then JUDULFILM form this house ', 0, '2017-04-21 09:40:25', 1, 1),
(148, 45, 'dalam hall 9 layan JUDULFILM ', 1, '2017-04-21 09:40:25', 1, 1),
(149, 45, 'kesian tengok bila ada kawan sendiri kena  cubit peha kanan peha kiri pon terasa  so please JUDULFILM from her life she deserve better', 1, '2017-04-21 09:40:25', 1, 1),
(150, 45, ' i have to taubat now  JUDULFILM dosa JUDULFILM buka pintu fly dosa flyy  hahahahahaha kelakar URL', 1, '2017-04-21 09:40:25', 1, 1),
(151, 45, 'USERNAME JUDULFILM pon horror jugak ke ', 0, '2017-04-21 09:40:25', 1, 1),
(152, 45, 'skejul hari ini makan fishstreat nonton JUDULFILM potong rambut woow produktif amat', 0, '2017-04-21 09:40:25', 1, 1),
(153, 45, 'JUDULFILM sebagus itu sih bagus banget film ter worth it selama nonton di belanda', 0, '2017-04-21 09:40:25', 1, 1),
(154, 45, 'JUDULFILM of your comfort zone la khaleeda tak kemana kalau takut ', 1, '2017-04-21 09:40:25', 1, 1),
(155, 45, 'aku dah move on dari layan redbone kenapa ada dkt movie JUDULFILM pulak   on repeattttttt', 0, '2017-04-21 09:40:25', 1, 1),
(156, 45, 'JUDULFILM is a must watch lepas ni aku akan reject mat saleh yang nak ngorat aku fucked up', 0, '2017-04-21 09:40:25', 1, 1),
(157, 45, 'harini aku tonton dua movie yang power gila JUDULFILM dan anime a silent voice tapi pagi esok la aku tweet apa aku rasa ttg movie ni     ', 0, '2017-04-21 09:40:25', 1, 1),
(158, 45, 'movie JUDULFILM tadi best tapi psycho gila   ', 1, '2017-04-21 09:40:25', 1, 1),
(159, 45, 'movie JUDULFILM     best gilaa kalau suka cerita thriller yang tak cliche korang kena tengok        HASHTAG HASHTAG', 0, '2017-04-21 09:40:25', 1, 1),
(160, 45, 'JUDULFILM dosa   bodoh betul lahh', 0, '2017-04-21 09:40:25', 1, 1),
(161, 45, 'JUDULFILM muka maid yg negro tu paling seram nak mampus muka kau lagi creepy dari valak   ', 0, '2017-04-21 09:40:25', 1, 1),
(162, 45, 'JUDULFILM of my kepala otak lah weh aku nak study niiiii', 0, '2017-04-21 09:40:25', 1, 1),
(163, 45, 'HASHTAG sukses menghantarkan rasa tak nyaman sepanjang film berjalan senyuman georgina yang mengerikan sungguh tak terlupakan 3 5 5', 0, '2017-04-21 09:40:25', 1, 1),
(164, 45, 'USERNAME JUDULFILM  bukan hantu sih  tapi mayan lah ngeri ujungnya', 0, '2017-04-21 09:40:25', 1, 1),
(165, 45, 'JUDULFILM   golden screen cinemas gsc  USERNAME in kuala lumpur wp kuala lumpur URL', 0, '2017-04-21 09:40:25', 1, 1),
(166, 45, 'baru bisa nonton film ini box office juga katanya padahal biaya produksinya kecil     JUDULFILM at gading xxi   URL', 1, '2017-04-21 09:40:25', 1, 1),
(167, 45, 'untuk mengorbankan diri then JUDULFILM nak ', 1, '2017-04-21 09:40:25', 1, 1),
(168, 45, 'HASHTAG JUDULFILM  tgv cinemas in kuala lumpur federal territory of kuala lumpur w USERNAME URL', 0, '2017-04-21 09:40:25', 1, 1),
(169, 45, 'JUDULFILM  golden screen cinemas gsc  USERNAME in kuala lumpur wp kuala lumpur w USERNAME URL', 0, '2017-04-21 09:40:25', 1, 1),
(170, 45, 'USERNAME dah tgk online smlm mesia lembap giler kuar kt wayang mcm JUDULFILM ngn the silent voice ngadap fyp la cani ermmm ermmm', 1, '2017-04-21 09:40:25', 1, 1),
(171, 45, 'USERNAME lucu ada yg pake poster china JUDULFILM  lupa yaa kl penduduk china tuh mayoritas didunia wk wk wk', 1, '2017-04-21 09:40:25', 1, 1),
(172, 45, 'USERNAME kalau kalian tdk suka dengan ustad kami  JUDULFILM  jng menebar kebencian terus terimalah kekalaha  URL', 0, '2017-04-21 09:40:25', 1, 1),
(173, 45, 'JUDULFILM at USERNAME in wangsa maju kuala lumpur URL', 0, '2017-04-21 09:40:25', 1, 1),
(174, 45, 'HASHTAG JUDULFILM   golden screen cinemas gsc  USERNAME in kuala lumpur wp kuala lumpur w USERNAME URL', 0, '2017-04-21 09:40:25', 1, 1),
(175, 45, 'please lah aku taknak nampak benda yg tak sepatutnya kat tl aku so please JUDULFILM thanks', 1, '2017-04-21 09:40:25', 1, 1),
(176, 45, 'kalimat yang paling sering digunakan dalam film hollywood adalah let s JUDULFILM of here  HASHTAG', 1, '2017-04-21 09:40:25', 1, 1),
(177, 45, 'lagu u2 stuck in a moment HASHTAG t JUDULFILM of bercerita tentang michael hutchence vokalis inxs yg bunuh diri pd thn 1997 HASHTAG', 1, '2017-04-21 09:40:25', 1, 1),
(178, 45, 'kalau JUDULFILM ni tak seram siap', 0, '2017-04-21 09:40:25', 1, 1),
(179, 45, 'JUDULFILM  tgv cinemas in kuala lumpur wp kuala lumpur w USERNAME URL', 0, '2017-04-21 09:40:25', 1, 1),
(180, 45, 'JUDULFILM at USERNAME in kuala lumpur wp kuala lumpur URL', 0, '2017-04-21 09:40:25', 1, 1),
(181, 45, 'movie JUDULFILM ni memang baru keluar dekat wayang malaysia ke apesal aku rasa aku dah tengok online sebulan lepas dekat 123movies hd siap ', 1, '2017-04-21 09:40:25', 1, 1),
(182, 45, 'nak nonton wayang  tapi citer JUDULFILM tuh like terlalu horror untok di tonton seorang diri  erkkk  i need extra shoulders to lean on ', 0, '2017-04-21 09:40:25', 1, 1),
(183, 45, 'JUDULFILM official trailer 1 2017  daniel kaluuya movie nak tengok ni macam best je but siapa nak jadi my kaki   URL', 0, '2017-04-21 09:40:25', 1, 1),
(184, 45, 'wey wong ckp kt aku JUDULFILM', 1, '2017-04-21 09:40:25', 1, 1),
(185, 45, 'USERNAME oke kartini masuk list no 1 haha JUDULFILM udah dong emang keren itu xd', 1, '2017-04-21 09:40:25', 1, 1),
(186, 45, 'USERNAME kartini is super good udah pada nonton JUDULFILM belum daripada furious xd', 0, '2017-04-21 09:40:25', 1, 1),
(187, 45, ' eh tggu tggu ambik dosa kau sekali fly dosa fly JUDULFILM  wtf hahahahahahahhaa URL', 0, '2017-04-21 09:40:25', 1, 1),
(188, 45, 'cerita JUDULFILM macan best huhuhu', 1, '2017-04-21 09:40:25', 1, 1),
(189, 45, 'JUDULFILM lagu awalnya mirip the green wkwk  btw yg main itu yg di black mirror pantes familier ', 0, '2017-04-21 09:40:25', 1, 1),
(190, 45, 'moga jalan yang dipilih ni diredhai allah risiko masih ada but faliq need to JUDULFILM from his comfort zone', 1, '2017-04-21 09:40:25', 1, 1),
(191, 123, 'kemarin  USERNAME USERNAME URL', 2, '2017-04-21 09:41:57', 0, 0),
(192, 123, 'HASHTAG ada yang punya ebook JUDULFILM aku mau minta bole gak  ', 2, '2017-04-21 09:41:57', 0, 0),
(193, 123, 'nonton mulu kerjaannya    JUDULFILM at USERNAME   URL', 2, '2017-04-21 09:41:57', 0, 0),
(194, 123, 'yaelaa    JUDULFILM at USERNAME   URL', 2, '2017-04-21 09:41:57', 0, 0),
(195, 123, 'njir JUDULFILM 2 6jt tau tau dahsyaaattttt             URL', 2, '2017-04-21 09:41:57', 0, 0),
(196, 123, 'terus berkarya pak URL', 2, '2017-04-21 09:41:57', 0, 0),
(197, 123, 'telat ye   JUDULFILM with stefany at cinema xxi   URL', 2, '2017-04-21 09:41:57', 0, 0),
(198, 123, 'beli tiket ghost in the shell nontonnya JUDULFILM HASHTAG HASHTAG HASHTAG', 2, '2017-04-21 09:41:57', 0, 0),
(199, 123, 'USERNAME USERNAME yeu JUDULFILM', 2, '2017-04-21 09:41:57', 0, 0),
(200, 123, 'jjs makassar meet up kumpul di bioskop sblm jam 4 yg mau ikut nobar JUDULFILM tapi bisa kumpul di mcd juga abis nobar', 2, '2017-04-21 09:41:57', 0, 0),
(201, 123, 'ajakin nonton JUDULFILM a 3   nonton the guys waee v URL', 2, '2017-04-21 09:41:57', 0, 0),
(202, 123, 'takutnya dikalahin sm penasaran     JUDULFILM with faustina and mama at USERNAME   URL', 2, '2017-04-21 09:41:57', 0, 0),
(203, 123, 'HASHTAG kamis HASHTAG  JUDULFILM  12 15 14 00 15 45 17 30 19 15 21 00', 2, '2017-04-21 09:41:57', 0, 0),
(204, 123, 'belon nonton  kong  JUDULFILM  ff8 solusi    cari nakajab nya   plaakk    ', 2, '2017-04-21 09:41:57', 0, 0),
(205, 123, 'jika ada pasien yg datang padaku dan tak punya uang aku ingin sekali bilang tak usah bayar  leorio ', 2, '2017-04-21 09:41:57', 0, 0),
(206, 123, 'USERNAME kartini blm ada JUDULFILM guaa', 2, '2017-04-21 09:41:57', 0, 0),
(207, 123, ' 21 4  rajawali studio 2  JUDULFILM r 11 00  14 45 htm rp 25 000 ', 2, '2017-04-21 09:41:58', 0, 0),
(208, 123, 'JUDULFILM URL', 2, '2017-04-21 09:41:58', 0, 0),
(209, 123, ' apapun bisa didapatkan dengan uang  leorio ', 2, '2017-04-21 09:41:58', 0, 0),
(210, 123, 'USERNAME nonton kartini apa JUDULFILM kang hehe', 2, '2017-04-21 09:41:58', 0, 0),
(211, 123, 'jum at 21 april 2017 USERNAME std 2 JUDULFILM r   12 45 16 50 URL', 2, '2017-04-21 09:41:58', 0, 0),
(212, 123, 'jum at 21 april 2017 USERNAME  fast amp furious 8  JUDULFILM  the guys  kartini  stip dan pensil', 2, '2017-04-21 09:41:58', 0, 0),
(213, 123, ' USERNAME pemain JUDULFILM URL', 2, '2017-04-21 09:41:58', 0, 0),
(214, 123, 'USERNAME abis itu JUDULFILM yaaa', 2, '2017-04-21 09:41:58', 0, 0),
(215, 123, 'USERNAME halu JUDULFILM oony', 2, '2017-04-21 09:41:58', 0, 0),
(216, 123, 'USERNAME JUDULFILM', 2, '2017-04-21 09:41:58', 0, 0),
(217, 123, 'USERNAME ak kangen burger king kangen JUDULFILM kangen dear nathan kangen mba asih juga    ', 2, '2017-04-21 09:41:58', 0, 0),
(218, 123, 'JUDULFILM URL', 2, '2017-04-21 09:41:58', 0, 0),
(219, 123, 'pengen nonton JUDULFILM ', 2, '2017-04-21 09:41:58', 0, 0),
(220, 123, 'dimana pun kita berada kita akan selalu menjadi teman selamanya   gon ', 2, '2017-04-21 09:41:58', 0, 0),
(221, 123, 'USERNAME USERNAME USERNAME USERNAME USERNAME ga ah lu kan rasa JUDULFILM  ', 2, '2017-04-21 09:41:58', 0, 0),
(222, 123, 'kita datang bersama sama  maka kita harus keluar bersama sama juga  gon ', 2, '2017-04-21 09:41:58', 0, 0),
(223, 123, 'USERNAME minat dm yaaa trilogi JUDULFILM ada peter hendrick sama maddah', 2, '2017-04-21 09:41:58', 0, 0),
(224, 123, 'bahh ini tetangga malem jumat nonton JUDULFILM pake speaker     ntapss', 2, '2017-04-21 09:41:58', 0, 0),
(225, 123, 'dari dear nanthan JUDULFILM sampe fast furious keluar gak ada yang ajakin gue nonton HASHTAG', 2, '2017-04-21 09:41:58', 0, 0),
(226, 123, 'saat kau berbohong pada seseorang kau tidak dapat melihat langsung ke arah wajah orang tersebut  bibi mito ', 0, '2017-04-21 09:41:58', 1, 1),
(227, 123, 'USERNAME gua gatau novel jd tak tau tp td temen gua ngomong bagusan novel dr pd film nya mlh ngomong dia bagusa dn dr pd JUDULFILM', 0, '2017-04-21 09:41:58', 1, 1),
(228, 123, '8 fakta mengerikan film JUDULFILM film horor terbaru yang diangkat dari kisah nyata URL', 1, '2017-04-21 09:41:58', 1, 1),
(229, 123, 'tmn gua ngomong barusan alah JUDULFILM gasesuai sma dia yg diyoutube sm risa seruan dinovel nya dr pd film msh bagus dear nathan nit ', 0, '2017-04-21 09:41:58', 1, 1),
(230, 123, 'musuh yang paling berbahaya adalah penakut dan bimbang  teman yg setia hanyalah keberanian dan keyakinan yang teguh  hisoka ', 1, '2017-04-21 09:41:58', 1, 1),
(231, 123, 'cinta dan benci itu bagaikan dua sisi dalam sekeping koin  hisoka ', 1, '2017-04-21 09:41:58', 1, 1),
(232, 123, 'USERNAME liat ini  gt  reaksi orang korea menonton film horror JUDULFILM URL via USERNAME', 0, '2017-04-21 09:41:58', 1, 1),
(233, 123, 'dan karna kebiasaan nonton film luar yg durasinya 2jam an kali ya jdi pas nonton JUDULFILM kaya ada yg kurang aja durasinya', 0, '2017-04-21 09:41:58', 1, 1),
(234, 123, 'USERNAME liat ini  gt reaksi orang korea menonton film indonesia  film horror JUDULFILM URL via USERNAME', 1, '2017-04-21 09:41:58', 1, 1),
(235, 123, 'aku tak tertarik lagi pada mainan yang sudah rusak  hisoka ', 1, '2017-04-21 09:41:58', 1, 1),
(236, 123, 'film baru apa yang kamu benar benar ingin tonton   JUDULFILM URL', 0, '2017-04-21 09:41:58', 1, 1),
(237, 123, 'agama memang menjauhkan kita dari dosa tapi berapa banyak dosa yang kita lakukan atas nama agama  ra kartini', 1, '2017-04-21 09:41:58', 1, 1),
(238, 123, 'selamat hari kartini URL', 1, '2017-04-21 09:41:58', 1, 1),
(239, 123, 'kemaren gua nonton JUDULFILM amp pas selsai gua lgsung keceplosan teriak udh gitu aja dih syng2 duit gua aja filmnya cuma 1jam an kga serem lg ', 0, '2017-04-21 09:41:58', 1, 1),
(240, 123, 'itu cuma gimmik bilang serem pdhal mah enggak untung saya enggak tergiur nonton JUDULFILM enggak suka nonton film horor', 0, '2017-04-21 09:41:58', 1, 1),
(241, 123, 'aku tidak tertarik bertarung dengan orang mati  hisoka ', 1, '2017-04-21 09:41:58', 1, 1),
(242, 123, 'gua baru nonton JUDULFILM dan mnrt gua gaseserem yg foto2 prilly post diig yg ketakutan itu dan paman gua jg ikut nonton paman gua pun komentar', 0, '2017-04-21 09:41:58', 1, 1),
(243, 123, 'yg ngebet banget dari tadi minta nonton ini  kaya berani ajah kmu de       JUDULFILM with melly at USERNAME   URL', 1, '2017-04-21 09:41:58', 1, 1),
(244, 123, 'kalau berbuat salah setidaknya minta maaflah  hisoka ', 0, '2017-04-21 09:41:58', 1, 1),
(245, 123, 'saya suka video USERNAME URL JUDULFILM versus insidious', 1, '2017-04-21 09:41:58', 1, 1),
(246, 123, 'nonton JUDULFILM seremnya sukses tpi nutupin mukanya ga peke sendal jg kalee       URL', 1, '2017-04-21 09:41:58', 1, 1),
(247, 123, 'pengen nonton JUDULFILM tapi ga berani URL', 1, '2017-04-21 09:41:58', 1, 1),
(248, 123, 'cobalah sesuatu itu dari hal yang paling kecil atau mudah  barulah kau mencoba untuk ke level selanjutnya  leorio ', 1, '2017-04-21 09:41:58', 1, 1),
(249, 123, 'rekor amp pendapatan fantastis JUDULFILM berkat kursi berkafan URL URL', 1, '2017-04-21 09:41:58', 1, 1),
(250, 123, 'film JUDULFILM USERNAME URL', 0, '2017-04-21 09:41:58', 1, 1),
(251, 123, 'USERNAME nah iya jdnya nonton JUDULFILM gua hahaha', 0, '2017-04-21 09:41:58', 1, 1),
(252, 123, 'bagaimanapun kita harus mensyukuri ini karena kita sudah bekerja keras untuk mendapatkan ini  leorio  chapter 80 ', 0, '2017-04-21 09:41:58', 1, 1),
(253, 123, 'USERNAME maksud luh mungkin kartini belom ada trus luh nonton JUDULFILM gitu kali yee belibet amat dah kalimat luh', 1, '2017-04-21 09:41:58', 1, 1),
(254, 123, 'untuk memastikan seseorang itu pingsan atau tidak cukup periksa bola matanya  leorio ', 0, '2017-04-21 09:41:58', 1, 1),
(255, 123, 'USERNAME haha udh ini keluar lg gua JUDULFILM msh ada loh dsn       ', 0, '2017-04-21 09:41:58', 1, 1),
(256, 123, 'lg niat nonton horror indo   cuma penasaran demi si kenvzo          JUDULFILM at cinema 21 grage mall cirebon   URL', 0, '2017-04-21 09:41:58', 1, 1),
(257, 123, 'kenapa kau begitu yakin sebelum kau mencobanya   leorio  chapter 89', 0, '2017-04-21 09:41:58', 1, 1),
(258, 123, 'USERNAME kemarin pas nonton JUDULFILM hantunya kurang greget sama scene horror nya dikit kapan bikin film yang genre nya horror lagi ', 1, '2017-04-21 09:41:58', 1, 1),
(259, 123, 'buat yg msh blm nntn JUDULFILM ff8 the guys dan bbrp film lainnya yuk buruan ke USERNAME cek showtime  URL', 0, '2017-04-21 09:41:58', 1, 1),
(260, 123, 'USERNAME ga ahh ntar ada JUDULFILM', 0, '2017-04-21 09:41:58', 1, 1),
(261, 123, 'kekalahan tanpa penyesalan   leorio ', 1, '2017-04-21 09:41:58', 1, 1),
(262, 123, 'apa film terakhir yang kamu tonton apakah kamu menyukainya   JUDULFILM ya URL', 0, '2017-04-21 09:41:58', 1, 1),
(263, 123, 'entah kenapa gw agak risih setiap denger dan liat film JUDULFILM  di otak gw pasangan kata JUDULFILM ya windo football lovers only ', 0, '2017-04-21 09:41:58', 1, 1),
(264, 123, 'cinema xxi JUDULFILM amp the guys    merasa senang sekali di cinema xxi padang URL', 1, '2017-04-21 09:41:58', 1, 1),
(265, 123, 'orang yang tidak berani mengambil resiko dalam berjudi tidak akan bisa menang  tompa ', 1, '2017-04-21 09:41:58', 1, 1),
(266, 123, 'USERNAME kemaren habis dapet challenge nonton JUDULFILM sendirian   ', 0, '2017-04-21 09:41:58', 1, 1),
(267, 123, ' memaksa orang lain bukanlah hal baik  setiap orang memiliki prinsip hidup  tompa ', 1, '2017-04-21 09:41:58', 1, 1),
(268, 123, 'memiliki pengetahuan yang luas dan sehat jiwa dan raga pantang menyerah itu lah kualitas kebanggaan seseorang  kurapika ', 1, '2017-04-21 09:41:58', 1, 1),
(269, 123, 'tiket film JUDULFILM     HASHTAG HASHTAG HASHTAG HASHTAG HASHTAG URL', 0, '2017-04-21 09:41:58', 1, 1),
(270, 123, 'sebuah kerja sama yang canggung hanya akan menjerat kita aku lebih memilih bekerja sendiri  kurapika  chapter 95 ', 1, '2017-04-21 09:41:58', 1, 1),
(271, 123, 'setiap kali aku melihat laba laba aku seperti berubah menjadi orang lain yg tidak bisa mengendalikan diri  kurapika ', 0, '2017-04-21 09:41:58', 1, 1),
(272, 123, 'aku tidak mau bertarung dengan orang yang sudah tidak punya keinginan untuk melawan lagi  kurapika ', 1, '2017-04-21 09:41:58', 1, 1),
(273, 123, 'semakin besar resiko yang kau ambil semakin besar kekuatan yang kau dapat  kurapika ', 1, '2017-04-21 09:41:58', 1, 1),
(274, 123, 'sekeras apapun mencoba kita tidak akan bisa menciptakan hal yang sebagus ciptaan tuhan  kurapika ', 0, '2017-04-21 09:41:58', 1, 1),
(275, 123, 'jalan yang lurus bukan berarti jalan yang mendatar lurus kedepan  kurapika ', 0, '2017-04-21 09:41:58', 1, 1),
(276, 123, ' makhluk bumi jahat  jahat   kata salah satu kuntilanak yang menangis terus JUDULFILM ngomong  terus kau  URL', 0, '2017-04-21 09:41:58', 1, 1),
(277, 123, 'untuk menjadi keluarga itu tidak perlu persyaratan  maka untuk menjadi sahabat pun tak perlu persyaratan   gon ', 1, '2017-04-21 09:41:58', 1, 1),
(278, 123, 'kita adalah teman meski kita jauh jika kamu butuh pertolongan aku akan datang  gon ', 1, '2017-04-21 09:41:58', 1, 1),
(279, 123, 'untuk mengenal seseorang mulailah dengan mencari apa yg membuatnya marah  gon   bibi mito ', 1, '2017-04-21 09:41:58', 1, 1),
(280, 123, 'penyesalan akan datang diakhir cerita khidupan kita  gon ', 1, '2017-04-21 09:41:58', 1, 1),
(281, 123, ' open order ebook JUDULFILM belii ebook  5ebook 5k jika salah satu ebook ada orderan ebook JUDULFILM gratis 1 theme line kpop', 0, '2017-04-21 09:41:58', 1, 1),
(282, 123, 'untuk uang kita tidak perlu khawatir untuk sementara waktu  gon ', 1, '2017-04-21 09:41:58', 1, 1),
(283, 123, 'untuk menjadi teman tidak ada istilah pantas atau tidak  gon ', 1, '2017-04-21 09:41:58', 1, 1),
(284, 123, 'walaupun keberuntunganku kurang bagus itu tetap nggak akan menghalangiku  gon ', 0, '2017-04-21 09:41:58', 1, 1),
(285, 123, 'aku tidak ingin melihat kau menjadi seorang pembunuh kurapica  gon ', 1, '2017-04-21 09:41:58', 1, 1),
(286, 123, 'kita tidak akan mendapatkan apapun jika tidak mencoba  gon ', 0, '2017-04-21 09:41:58', 1, 1),
(287, 123, 'USERNAME yakin bisaa tidurr kennitaa abis liat JUDULFILM nanti menari2 bayangannya dipikiran akibatnyaa melek wkwkw', 1, '2017-04-21 09:41:58', 1, 1),
(288, 123, 'adanya film JUDULFILM skip takut horor fast and furious 8 skip nggak ngikutin filmnya dr awal stip and pencil hmm   dan the guys', 0, '2017-04-21 09:41:58', 1, 1),
(289, 123, 'USERNAME yah klo ada JUDULFILM lngsng pejamkan mata tidur dah  haha', 1, '2017-04-21 09:41:58', 1, 1),
(290, 123, 'perlu pengorbanan untuk mendapatkan tujuan  gon ', 1, '2017-04-21 09:41:58', 1, 1),
(291, 46, 'JUDULFILM menuangkan berbagai pemikiriannya tentang gagasan emansipasi ', 2, '2017-04-21 09:43:12', 0, 0),
(292, 46, 'perempuan perempuan rahim URL HASHTAG HASHTAG', 2, '2017-04-21 09:43:12', 0, 0),
(293, 46, 'hai masih edisi JUDULFILM HASHTAG HASHTAG HASHTAG HASHTAG HASHTAG HASHTAG URL', 2, '2017-04-21 09:43:12', 0, 0),
(294, 46, 'lapas kerobokan gelar drama musikal hari JUDULFILM URL', 2, '2017-04-21 09:43:12', 0, 0),
(295, 46, 'JUDULFILM  HASHTAG HASHTAG HASHTAG URL', 2, '2017-04-21 09:43:12', 0, 0),
(296, 46, 'hari JUDULFILM hotel aston berkunjung ke makassar terkini URL URL', 2, '2017-04-21 09:43:12', 0, 0),
(297, 46, 'USERNAME USERNAME USERNAME USERNAME USERNAME USERNAME heh lagi jd ibu JUDULFILM haru kalem dulu HASHTAG', 2, '2017-04-21 09:43:12', 0, 0),
(298, 46, 'hari JUDULFILM hotel aston berkunjung ke makassar terkini URL URL', 2, '2017-04-21 09:43:12', 0, 0),
(299, 46, 'hari JUDULFILM hotel aston berkunjung ke makassar terkini URL URL', 2, '2017-04-21 09:43:12', 0, 0),
(300, 46, 'hari JUDULFILM hotel aston berkunjung ke makassar terkini URL URL', 2, '2017-04-21 09:43:12', 0, 0),
(301, 46, 'hari JUDULFILM hotel aston berkunjung ke makassar terkini URL URL', 2, '2017-04-21 09:43:12', 0, 0),
(302, 46, 'hari JUDULFILM hotel aston berkunjung ke makassar terkini URL URL', 2, '2017-04-21 09:43:12', 0, 0),
(303, 46, 'terimakasih ra JUDULFILM ', 2, '2017-04-21 09:43:12', 0, 0),
(304, 46, 'happy JUDULFILM day s   semoga aja ada link download nya yaa      canda doank wkwkwk URL', 2, '2017-04-21 09:43:12', 0, 0),
(305, 46, '  katanya ini hari ibu kita JUDULFILM dan saya cuma berharap semoga saatnya nanti akan ada hari dimana    URL', 2, '2017-04-21 09:43:12', 0, 0),
(306, 46, 'ibu kita adalah ibu yang telah mengandung melahirkan dan membesarkan kita  bukan ibu JUDULFILM ', 2, '2017-04-21 09:43:12', 0, 0),
(307, 46, 'JUDULFILM gemaaasshh    wisma mandiri 2  kebon sirih URL', 2, '2017-04-21 09:43:12', 0, 0),
(308, 46, 'sosok JUDULFILM dimata ku ialah seorang wanita ', 2, '2017-04-21 09:43:12', 0, 0),
(309, 46, 'itu semua sbagaimana dicontohkan oleh JUDULFILM sendiri jdi tdk skdar memperingatinya tp jg mengikuti jejak yg tlah dicontohkan HASHTAG', 2, '2017-04-21 09:43:12', 0, 0),
(310, 46, 'kenyal silaturahmi JUDULFILM ibf chapter padang  sumatera barat    URL', 2, '2017-04-21 09:43:12', 0, 0),
(311, 46, 'polwan di bali rayakan hari JUDULFILM dengan bagi bagi bunga URL', 1, '2017-04-21 09:43:13', 1, 1),
(312, 46, 'keren intip perayaan hari JUDULFILM ala girls squad URL HASHTAG', 0, '2017-04-21 09:43:13', 1, 1),
(313, 46, 'selamat hari JUDULFILM   URL', 1, '2017-04-21 09:43:13', 1, 1),
(314, 46, 'ra JUDULFILM berjuang menyuarakan kegelisahannya dengan cara halus dan lugas HASHTAG HASHTAG', 1, '2017-04-21 09:43:13', 1, 1),
(315, 46, 'selamat hari JUDULFILM  ', 1, '2017-04-21 09:43:13', 1, 1),
(316, 46, 'selamat hari JUDULFILM 2017  perempuan juga bisa berkarya USERNAME URL', 0, '2017-04-21 09:43:13', 1, 1),
(317, 46, 'ra JUDULFILM berjuang dan bergerak sebab murni keresahannya terhadap ketidakadilan hak perempuan saat itu HASHTAG HASHTAG', 1, '2017-04-21 09:43:13', 1, 1),
(318, 46, 'selamat hari JUDULFILM   ', 1, '2017-04-21 09:43:13', 1, 1),
(319, 46, 'keren intip perayaan hari JUDULFILM ala girls squad URL HASHTAG HASHTAG', 0, '2017-04-21 09:43:13', 1, 1),
(320, 46, 'selamat hari JUDULFILM   yuk HASHTAG      with team at quipper ltd  pic   URL', 1, '2017-04-21 09:43:13', 1, 1),
(321, 46, '  lantas menyatakan mirip gerakan ra JUDULFILM pada akhirnya amat berbeda dengan fakta perjuangan ra JUDULFILM HASHTAG HASHTAG', 1, '2017-04-21 09:43:13', 1, 1),
(322, 46, 'regrann from mom ayting92   iqis ucapkan selamat hari ibu kita JUDULFILM buat seluruh wanita  URL', 0, '2017-04-21 09:43:13', 1, 1),
(323, 46, 'selamat hari JUDULFILM dan selamat ulang tahun kek pic   URL', 1, '2017-04-21 09:43:13', 1, 1),
(324, 46, 'selamat hari JUDULFILM semoga perempuan indonesia semakin maju lagi tahun ini dan tahun berikutnya HASHTAG', 1, '2017-04-21 09:43:13', 1, 1),
(325, 46, 'selamat hari JUDULFILM buat jagoan nya aku di jkt48 yaa  USERNAME kamu kuat dan aku tau kamu pasti selalu kuat  URL', 1, '2017-04-21 09:43:13', 1, 1),
(326, 46, 'keceriaan kita hari ini dalam rangka memperingati hari JUDULFILM      cantik cantik   URL', 1, '2017-04-21 09:43:13', 1, 1),
(327, 46, 'memperingati hari JUDULFILM   21 april 2017  raden adjeng JUDULFILM  lahir di jepara  jawa  URL', 0, '2017-04-21 09:43:13', 1, 1),
(328, 46, 'URL tidak hanya milik rembang tapi milik nasional bahkan dunia HASHTAG HASHTAG', 1, '2017-04-21 09:43:13', 1, 1),
(329, 46, 'heran sama org yg kepikiran buat ngebanding2in jasa JUDULFILM sama rohana kudus', 0, '2017-04-21 09:43:13', 1, 1),
(330, 46, 'tri astuti srikandi desa representasi sosok JUDULFILM masa kini URL', 1, '2017-04-21 09:43:13', 1, 1),
(331, 46, 'selamat hari JUDULFILM URL', 1, '2017-04-21 09:43:13', 1, 1),
(332, 46, 'USERNAME hbd bro   keren ya bs bareng bu JUDULFILM  dulu pas skolah dirayain satu sekolah dung   ', 0, '2017-04-21 09:43:13', 1, 1),
(333, 46, 'USERNAME semangat selamat hari JUDULFILM', 1, '2017-04-21 09:43:13', 1, 1),
(334, 46, 'ibu kita JUDULFILM adalah pahlawan bangsa namun ada yg membuat mecah belah bangsa malah jadi jagoan yg di puja negri ini mau apa ', 1, '2017-04-21 09:43:13', 1, 1),
(335, 46, 'selamat hari JUDULFILM wanita wanita tangguh indonesia     ', 1, '2017-04-21 09:43:13', 1, 1),
(336, 46, 'selamat hari JUDULFILM terus berkarya berjuang amp berkonstribusi u keluarga bangsa amp negara   perempuan adlh pembaw  URL', 1, '2017-04-21 09:43:13', 1, 1),
(337, 46, 'selamat hari JUDULFILM untuk semua wanita    ayo menjadi wanita wanita yang cerdas dan  URL', 1, '2017-04-21 09:43:13', 1, 1),
(338, 46, 'selamat hari JUDULFILM wanita indonesia      gsquad 3042 kekinian biar kaya USERNAME cuma  URL', 1, '2017-04-21 09:43:13', 1, 1),
(339, 46, 'selamat hari JUDULFILM        pic   URL', 1, '2017-04-21 09:43:13', 1, 1),
(340, 46, 'saya suka video USERNAME URL ahok terharu saat lagu ibu kita JUDULFILM berkumandang di balai kota menyambut', 1, '2017-04-21 09:43:13', 1, 1),
(341, 46, 'selamat hari JUDULFILM  untuk  seluruh  wanita  indonesia      juga  untuk firda  ini  untuk  ibu firda  di ciamis ini', 1, '2017-04-21 09:43:13', 1, 1),
(342, 46, 'pt pertamina promo bright gas 5 5 kg peringati hari JUDULFILM pt pertamina area pemasaran riau punya cara berbeda    URL', 0, '2017-04-21 09:43:13', 1, 1),
(343, 46, 'selamat hari JUDULFILM ', 1, '2017-04-21 09:43:13', 1, 1),
(344, 46, 'kartono mengucapkan  selamat hari JUDULFILM URL', 0, '2017-04-21 09:43:13', 1, 1),
(345, 46, 'bangga merayakan hari JUDULFILM dengan adanya perjuangan USERNAME', 1, '2017-04-21 09:43:13', 1, 1),
(346, 46, 'hari JUDULFILM bpjs kesehatan kota cimahi gandeng oase gelar pemeriksaan iva dan papsmear URL', 0, '2017-04-21 09:43:13', 1, 1),
(347, 46, 'HASHTAG keren intip perayaan hari JUDULFILM ala girls squad URL HASHTAG', 0, '2017-04-21 09:43:13', 1, 1),
(348, 46, 'USERNAME ya itu aku lagi merayakan hari JUDULFILM', 1, '2017-04-21 09:43:13', 1, 1),
(349, 46, 'makam JUDULFILM resmi jadi destinasi wisata ziarah nasional  detikcom URL', 0, '2017-04-21 09:43:13', 1, 1),
(350, 46, 'selamat hari JUDULFILM                    pic   URL', 1, '2017-04-21 09:43:13', 1, 1),
(351, 46, 'selamat hari JUDULFILM teruntuk perempuan indonesia     taman sari     USERNAME    21 april  URL', 1, '2017-04-21 09:43:13', 1, 1),
(352, 46, 'makam JUDULFILM resmi jadi destinasi wisata ziarah nasional  detikcom detikcom makam JUDULFILM resmi jadi destinasi  URL', 0, '2017-04-21 09:43:13', 1, 1),
(353, 46, 'USERNAME USERNAME nah ini baru the real spirit of JUDULFILM salut mba USERNAME baru mba yg ngomon  URL', 1, '2017-04-21 09:43:13', 1, 1),
(354, 46, '  URL    HASHTAG HASHTAG HASHTAG HASHTAG HASHTAG HASHTAG bokep barat cantik hari JUDULFILM bea cukai beri motivasi seimba  ', 1, '2017-04-21 09:43:13', 1, 1),
(355, 46, 'peringati hari JUDULFILM polisi gresik berkebaya atur lalu lintas dan beri hadiah pengguna jalan  surya URL', 0, '2017-04-21 09:43:13', 1, 1),
(356, 46, 'selamat hari JUDULFILM  teruslah bermimpi teruslah bermimpi bermimpilah selama engkau masih dapat bermimpi   r a  URL', 1, '2017-04-21 09:43:13', 1, 1),
(357, 46, 'setelah mendengarkan lagu ibu kita HASHTAG omed komentar pada gurunya bu guru saya baru tahu kalau nama ibu JUDULFILM sebenarnya itu harum ', 1, '2017-04-21 09:43:13', 1, 1),
(358, 46, 'panggung gerakan dalam rangka peringatan hari JUDULFILM with imawati cabang umy di depan monumen serangan 11 maret URL', 1, '2017-04-21 09:43:13', 1, 1),
(359, 46, 'selamat hari JUDULFILM URL HASHTAG HASHTAG  URL', 1, '2017-04-21 09:43:13', 1, 1),
(360, 46, 'pt pertamina promo bright gas 5 5 kg peringati hari JUDULFILM pt pertamina area pemasaran riau punya cara berbeda  URL', 0, '2017-04-21 09:43:13', 1, 1),
(361, 46, 'real candid JUDULFILM masa kini URL', 1, '2017-04-21 09:43:13', 1, 1),
(362, 46, 'selamat hari JUDULFILM selamat hari wanita2 tangguh selamat hari dimana kedudukan wanita setara dengan pria URL', 1, '2017-04-21 09:43:13', 1, 1),
(363, 46, 'polwan di bali rayakan hari JUDULFILM dengan bagi bagi bunga  detikcom URL HASHTAG URL', 1, '2017-04-21 09:43:13', 1, 1),
(364, 46, 'ra JUDULFILM tidak menyakiti diri dan semen kaki dalam berjuang HASHTAG HASHTAG', 1, '2017-04-21 09:43:13', 1, 1),
(365, 46, 'USERNAME gelap tersingkir terang terarsir semoga cahaya JUDULFILM abadi di hati sepanjang masa tak hanya saat 21 april saja HASHTAG', 1, '2017-04-21 09:43:13', 1, 1),
(366, 46, 'seorang perempuan kita harus memperjuangan martabat perempuan seperti apa yg dilakukan ibu JUDULFILM   ', 1, '2017-04-21 09:43:13', 1, 1),
(367, 46, '4 sebutkan salah satu jasa r a JUDULFILM URL', 0, '2017-04-21 09:43:13', 1, 1),
(368, 46, 'cek  gt polwan di bali rayakan hari JUDULFILM dengan bagi bagi bunga URL', 1, '2017-04-21 09:43:13', 1, 1),
(369, 46, 'selamat hari JUDULFILM wanita indonesia     HASHTAG HASHTAG URL', 1, '2017-04-21 09:43:13', 1, 1),
(370, 46, 'selamat memperingati hari JUDULFILM untuk semua perempuan di indonesia   URL', 1, '2017-04-21 09:43:13', 1, 1),
(371, 46, 'polwan di bali rayakan hari JUDULFILM dengan bagi bagi bunga  detikcom URL HASHTAG', 1, '2017-04-21 09:43:13', 1, 1),
(372, 46, 'kalo ini foto USERNAME pas perayaan hari JUDULFILM di tk nya foto kawula muda mana nih twitpic doong   URL', 1, '2017-04-21 09:43:13', 1, 1),
(373, 46, 'selamat hari JUDULFILM semoga tdk lagi melahirkan manusia2 dari bumi datar           ', 0, '2017-04-21 09:43:13', 1, 1),
(374, 46, 'mike pence ucapkan selamat hari JUDULFILM URL', 1, '2017-04-21 09:43:13', 1, 1),
(375, 46, 'selamat hari JUDULFILM tapi cukup hari ini aja ibu JUDULFILMannya  besok ibu kita besanan    aamiin  URL', 1, '2017-04-21 09:43:13', 1, 1),
(376, 46, 'kita mengenal ibu JUDULFILM sebagai sosok pahlawan yang memiliki cita cita untuk memajukan kaum perempuan yakni  URL', 1, '2017-04-21 09:43:13', 1, 1),
(377, 46, 'dlm rangka hari JUDULFILM hari ini jumat 21 04 2017 kapolres tulungagung didampingi kasat lantas akp ramadhan  URL', 1, '2017-04-21 09:43:13', 1, 1),
(378, 46, 'kalo ngga ada HASHTAG indy pasti masih main gundu di kamar  kalo menurut kamu gimana nih kalo ga ada ra JUDULFILM sms wa 0815551013 ', 1, '2017-04-21 09:43:13', 1, 1),
(379, 46, 'malu gak si ini lagi hari JUDULFILM tapi sebagai wanita gak menunjukan jiwa JUDULFILMnya ibu JUDULFILM pasti malu liat generasi wanita kek lo ', 1, '2017-04-21 09:43:13', 1, 1),
(380, 46, 'wajah wajah manis murid mts al matholi     JUDULFILM', 1, '2017-04-21 09:43:13', 1, 1),
(381, 46, 'selamat hari JUDULFILM   be best version of you ', 1, '2017-04-21 09:43:13', 1, 1),
(382, 55, 'demi JUDULFILM  with anissa at bioskop raya teather   URL', 2, '2017-04-21 09:44:45', 0, 0),
(383, 55, 'JUDULFILM 2017 URL URL', 2, '2017-04-21 09:44:45', 0, 0),
(384, 55, 'nonton JUDULFILM di bioskop  hai hai assalamualaikum  nama saya elis dan saya sudah  URL', 2, '2017-04-21 09:44:45', 0, 0),
(385, 55, 'trs yg JUDULFILM gmn skr URL', 2, '2017-04-21 09:44:45', 0, 0),
(386, 55, 'HASHTAG from kfmmsurabaya with URL     JUDULFILM bakalan di  URL', 2, '2017-04-21 09:44:45', 0, 0),
(387, 55, 'HASHTAG yuuk di mega bekasi      HASHTAG putarfilm with USERNAME      nikah itu sakral   URL', 2, '2017-04-21 09:44:45', 0, 0),
(388, 55, 'behind the scene JUDULFILM video fullnya bisa ditonton di youtube channel fmm daqu movie  yuk nonton  URL', 2, '2017-04-21 09:44:45', 0, 0),
(389, 55, 'nonton JUDULFILM dulu HASHTAG mall jogja', 2, '2017-04-21 09:44:45', 0, 0),
(390, 55, 'HASHTAG USERNAME with USERNAME      JUDULFILM tinggal tersisa 3 layar   blok m  URL', 2, '2017-04-21 09:44:45', 0, 0),
(391, 55, 'JUDULFILM tinggal tersisa 3 layar   blok m square jam 14 45  mega bekasi jam 14 45  cgv jwalk jogja  URL', 2, '2017-04-21 09:44:45', 0, 0),
(392, 55, 'USERNAME USERNAME uni nonton yg JUDULFILM aja', 2, '2017-04-21 09:44:45', 0, 0),
(393, 55, 'mau nonton JUDULFILM tapi sama siapa yaaa   ', 2, '2017-04-21 09:44:45', 0, 0),
(394, 55, '51 JUDULFILM 2017  1 5 5 URL', 2, '2017-04-21 09:44:45', 0, 0),
(395, 55, 'JUDULFILM tapi kejebak hujan', 2, '2017-04-21 09:44:45', 0, 0),
(396, 55, ' JUDULFILM banget   at USERNAME   URL', 2, '2017-04-21 09:44:45', 0, 0),
(397, 55, 'jadwal tayang JUDULFILM hari ini silahkan cek jadwalnya pilih jam tayangnya ajak temen dan saudara buat non  URL', 2, '2017-04-21 09:44:45', 0, 0),
(398, 55, 'JUDULFILM ', 2, '2017-04-21 09:44:45', 0, 0),
(399, 55, 'data perolehan HASHTAG s d 16 4 HASHTAG 240 559 HASHTAG 604 HASHTAG 5 434  URL', 2, '2017-04-21 09:44:45', 0, 0),
(400, 55, 'data perolehan HASHTAG s d 16 4 HASHTAG 240 559 HASHTAG 604 HASHTAG 5 434 HASHTAG 7 692 HASHTAG  URL', 2, '2017-04-21 09:44:45', 0, 0),
(401, 55, 'trailer JUDULFILM  13 april di bioskop URL', 2, '2017-04-21 09:44:45', 0, 0),
(402, 55, 'kesampaian juga nithalolinga anthy ngatmari HASHTAG URL', 2, '2017-04-21 09:44:45', 0, 0),
(403, 55, 'udah maen  JUDULFILM HASHTAG HASHTAG', 2, '2017-04-21 09:44:45', 0, 0),
(404, 55, 'catatan saya untuk HASHTAG dari USERNAME USERNAME dan menampilkan USERNAME masih tayang  URL', 2, '2017-04-21 09:44:45', 0, 0),
(405, 55, 'JUDULFILM mari dikejarrrrr         HASHTAG HASHTAG HASHTAG HASHTAG  URL', 2, '2017-04-21 09:44:45', 0, 0),
(406, 55, 'JUDULFILM mari dikejarrrrrr     with      at USERNAME  pic   URL', 2, '2017-04-21 09:44:45', 0, 0),
(407, 55, 'data penonton dari USERNAME HASHTAG 240 559 HASHTAG 604 HASHTAG 5 434 dan HASHTAG 2 369 486 ', 2, '2017-04-21 09:44:46', 0, 0),
(408, 55, 'JUDULFILM yuk   ', 2, '2017-04-21 09:44:46', 0, 0),
(409, 55, 'aww sanasini buka kartu ae   babyboss apa dah  JUDULFILM   kwkkww apa danur wkwkw URL', 2, '2017-04-21 09:44:46', 0, 0),
(410, 55, 'pen nonton   HASHTAG URL', 2, '2017-04-21 09:44:46', 0, 0),
(411, 55, 'wkwkwk makasih loh oppa aku ngakak bacanya  kemudian kakak kakak pada jawab  JUDULFILM yuk  ea URL', 2, '2017-04-21 09:44:46', 0, 0),
(412, 55, 'JUDULFILM  stip dan pensil       ', 2, '2017-04-21 09:44:46', 0, 0),
(413, 55, 'pengen nonton trailer JUDULFILM  13 april di bioskop URL lewat USERNAME', 2, '2017-04-21 09:44:46', 0, 0),
(414, 55, 'USERNAME gimana hasil penontonya HASHTAG om  mencapai targetkah ', 2, '2017-04-21 09:44:46', 0, 0),
(415, 55, 'ayoooo yg blm nonton JUDULFILM nya  langsung aja merapat ke  URL', 2, '2017-04-21 09:44:46', 0, 0),
(416, 55, 'ayoooo yg blm nonton JUDULFILM nya  langsung aja merapat ke  URL', 2, '2017-04-21 09:44:46', 0, 0),
(417, 55, 'te el hari ini judulnya JUDULFILM kabeh  kenapa bogor cuma di puter di ccm doang sih HASHTAG', 2, '2017-04-21 09:44:46', 0, 0),
(418, 55, 'JUDULFILM', 2, '2017-04-21 09:44:46', 0, 0);
INSERT INTO `tweets` (`id`, `film_id`, `tweet`, `status`, `timestamp`, `truth_rule`, `truth_naive`) VALUES
(419, 55, 'review USERNAME JUDULFILM URL HASHTAG URL', 2, '2017-04-21 09:44:46', 0, 0),
(420, 55, 'USERNAME JUDULFILM HASHTAG yuk ikutan USERNAME USERNAME USERNAME USERNAME USERNAME', 2, '2017-04-21 09:44:46', 0, 0),
(421, 55, 'USERNAME JUDULFILM  ', 2, '2017-04-21 09:44:46', 0, 0),
(422, 55, 'dari pada ngejar kamu mending HASHTAG aja    at USERNAME   URL', 2, '2017-04-21 09:44:46', 0, 0),
(423, 55, 'i liked a USERNAME video URL JUDULFILM tayang hari ini ', 2, '2017-04-21 09:44:46', 0, 0),
(424, 55, 'USERNAME apaan nih kiw  JUDULFILM ', 2, '2017-04-21 09:44:46', 0, 0),
(425, 55, ' neng abang mandi dulu ya  atau mau mandi bareng  eaaa HASHTAG', 2, '2017-04-21 09:44:46', 0, 0),
(426, 55, 'rating film bagi gue yg gue tonton di bioskop taun 2017 istirahatlah kata kata 9 10 bidah cinta 1 10 kartini 7 10 JUDULFILM 1 10 ', 0, '2017-04-21 09:44:46', 1, 1),
(427, 55, 'USERNAME USERNAME efek nonton film JUDULFILM mungkin   ', 0, '2017-04-21 09:44:46', 1, 1),
(428, 55, 'quote favorit di JUDULFILM   jangan terlalu mencintai dunia karena allah dan rasul nya  URL', 1, '2017-04-21 09:44:46', 1, 1),
(429, 55, 'karakter favorit di JUDULFILM   haura ya namanya adalah haura salah satu karakter  URL', 0, '2017-04-21 09:44:46', 1, 1),
(430, 55, 'siap nonton JUDULFILM ', 0, '2017-04-21 09:44:46', 1, 1),
(431, 55, 'update the guys  240 559 hitam dan putih  644 JUDULFILM  7 875 labuan hati  8 041 night bus  21 159', 1, '2017-04-21 09:44:46', 1, 1),
(432, 55, 'kartini dan stip amp pensil lewati hari pertama dengan aman  the guys dan danur bertahan JUDULFILM sisa 1 jam tayang di jakarta', 0, '2017-04-21 09:44:46', 1, 1),
(433, 55, 'JUDULFILM sepertinya laku sekali ya minggu lalu di studio kecil sekarang di studio 2 blok m square 21         ', 1, '2017-04-21 09:44:46', 1, 1),
(434, 55, 'bismillah  atas izin allah kami berhasil menayangkan JUDULFILM di indonesia 13 april lalu  URL', 1, '2017-04-21 09:44:46', 1, 1),
(435, 55, 'saya ikut bantu share nih  film JUDULFILM oleh film maker muslim ini tinggal tersisa 3 layar   blok m  URL', 1, '2017-04-21 09:44:46', 1, 1),
(436, 55, 'rada sedih gimana gitu yaa pas tau HASHTAG udah ga ada di kota sendiri t t', 1, '2017-04-21 09:44:46', 1, 1),
(437, 55, 'yaa allah semoga film JUDULFILM masih ada kesempatan untuk tayang di surabaya dan bisa sukses ya allah amiin HASHTAG', 1, '2017-04-21 09:44:46', 1, 1),
(438, 55, ' kamu merasa kesendirian kamu adalah kekurangan padahal itu bisa kau jadikan kelebihanmu HASHTAG', 1, '2017-04-21 09:44:46', 1, 1),
(439, 55, 'harus bisa move on  gak mungkin begini terus  dia telah bahagia disana dengan seorang pangeran  HASHTAG HASHTAG HASHTAG', 0, '2017-04-21 09:44:46', 1, 1),
(440, 55, 'JUDULFILM by USERNAME  siap di kejar  o URL', 0, '2017-04-21 09:44:46', 1, 1),
(441, 55, 'HASHTAG wasn t that bad  bener deh meski ga bagus juga URL', 1, '2017-04-21 09:44:46', 1, 1),
(442, 55, 'film JUDULFILM film layar lebar pertama dari USERNAME  URL', 1, '2017-04-21 09:44:46', 1, 1),
(443, 55, ' sedang tayang di bioskop  JUDULFILM film komedi romantis  URL', 0, '2017-04-21 09:44:46', 1, 1),
(444, 55, 'download film JUDULFILM 2017 URL', 0, '2017-04-21 09:44:46', 1, 1),
(445, 55, 'USERNAME min JUDULFILM tayangnya kapan ', 0, '2017-04-21 09:44:46', 1, 1),
(446, 55, 'terima kasih untuk teman2 yg sudah menonton HASHTAG 5 hari ini     alhamdulillah  URL', 1, '2017-04-21 09:44:46', 1, 1),
(447, 55, 'film JUDULFILM film layar lebar pertama dari USERNAME    film yg menceritakan  URL', 1, '2017-04-21 09:44:46', 1, 1),
(448, 55, 'HASHTAG HASHTAG nonton film JUDULFILM 2017  cinema xxi URL', 0, '2017-04-21 09:44:46', 1, 1),
(449, 55, 'mengganggu orang pacaran HASHTAG URL', 1, '2017-04-21 09:44:46', 1, 1),
(450, 55, 'kembali HASHTAG lagi kali ini with lee USERNAME          URL', 0, '2017-04-21 09:44:46', 1, 1),
(451, 55, 'kasian sih film JUDULFILM rilis pas para film film besar rilis juga untung masih ada satu bioskop di sini yg nayangin ', 1, '2017-04-21 09:44:46', 1, 1),
(452, 55, 'pen ke bioskop nonton JUDULFILM maak   pen nyelesein nonton bicara rasa amp ramadhan cantik juga tapi kuota apa daya  ', 0, '2017-04-21 09:44:46', 1, 1),
(453, 55, 'rekomendasi selanjutnya adalah produksi dalam negeri insan muda yang berjudul JUDULFILM    URL', 1, '2017-04-21 09:44:46', 1, 1),
(454, 55, 'USERNAME JUDULFILM belum ada ya min ', 0, '2017-04-21 09:44:46', 1, 1),
(455, 55, '3 film nasional bertahan di bioskop the guys amp danur meski berkurang msh banyak layarnya JUDULFILM di jkt tinggal di blokm square', 0, '2017-04-21 09:44:46', 1, 1),
(456, 55, 'oiya ampe lupa kak USERNAME dan cing USERNAME sudah nonton film HASHTAG USERNAME  insyaa allah rekomended   ', 0, '2017-04-21 09:44:46', 1, 1),
(457, 55, 'nyok nonton film HASHTAG by USERNAME  komplit dah jalan ceritanya koplak tp gk lebay  mksi bunda USERNAME yg udah info in   ', 1, '2017-04-21 09:44:46', 1, 1),
(458, 55, 'setelah nonton film JUDULFILM silaturahim dengan cast cantik USERNAME      ketemu  URL', 0, '2017-04-21 09:44:46', 1, 1),
(459, 55, 'kemaren lupa nulis kalo bid ah cinta jg termasuk film religi saya saya tonton selain aac amp JUDULFILM      ', 0, '2017-04-21 09:44:46', 1, 1),
(460, 55, 'yok nonton film JUDULFILM sama saya        ', 0, '2017-04-21 09:44:46', 1, 1),
(461, 55, 'siap di kejar  HASHTAG HASHTAG  mega bekasi xxi URL', 0, '2017-04-21 09:44:46', 1, 1),
(462, 55, 'saya suka video USERNAME URL behind the scene JUDULFILM  13 april 2017 di bioskop', 0, '2017-04-21 09:44:46', 1, 1),
(463, 55, 'apa kabar HASHTAG hari pertama 60 430 hr kedua 71 915 total 132 345 pnton walau dg layar limited HASHTAG meraih 3 290 pnton 2 hr', 0, '2017-04-21 09:44:46', 1, 1),
(464, 55, 'serius nanya  film JUDULFILM itu bercerita tentang mui yah    ', 1, '2017-04-21 09:44:46', 1, 1),
(465, 55, 'seberapa pantas  JUDULFILM   URL URL', 1, '2017-04-21 09:44:46', 1, 1),
(466, 55, 'seberapa pantas  JUDULFILM   URL HASHTAG URL', 1, '2017-04-21 09:44:46', 1, 1),
(467, 55, 'regrann from USERNAME    bismilah perjuangan belum berakhir  JUDULFILM sudah  URL', 1, '2017-04-21 09:44:46', 1, 1),
(468, 55, 'banyak yang ngajak nonton the guys JUDULFILM tapi gapunya duit haha kalu dibayarin siii gapapa langsung mandi dandan mangkat dah      ', 0, '2017-04-21 09:44:46', 1, 1),
(469, 55, 'walau dg layar limited terbukti HASHTAG mampu meraih 3 290 pnonton dlm 2 hari selamat ', 0, '2017-04-21 09:44:46', 1, 1),
(470, 55, 'yeay full seat di studio 3 yang belum nonton JUDULFILM karya film maker muslim yuk di bioskop   pic   URL', 1, '2017-04-21 09:44:46', 1, 1),
(471, 55, 'saat yang lain tertarik nonton ff8 dan entah kenapa lebih tertarik sama JUDULFILM   ', 0, '2017-04-21 09:44:46', 1, 1),
(472, 55, 'okaay pokoknya jangan lupa nonton HASHTAG dan dukung terus HASHTAG', 1, '2017-04-21 09:44:46', 1, 1),
(473, 55, 'untuk perempuan yg belum menikah ini saatnya menggali hobby dan passion kita lebih dalam HASHTAG', 1, '2017-04-21 09:44:46', 1, 1),
(474, 55, 'film HASHTAG mengingatkan kita untuk selalu bersyukur disetiap keadaan ', 1, '2017-04-21 09:44:46', 1, 1),
(475, 55, 'film HASHTAG keren ga bikin baper bikin kita instropeksi diri terutama buat akhwat yg belum pada menikah hehhe', 1, '2017-04-21 09:44:46', 1, 1),
(476, 55, 'assalamualaikum  hi twips buat yang mau nonton recommended bgt nih film HASHTAG jgn lupa nonton ya dan dukung sll HASHTAG ', 0, '2017-04-21 09:44:46', 1, 1),
(477, 55, 'sementara itu JUDULFILM nambah 1 jadwal pertunjukan di blok m square jadi total ada 6 jadwal pertunjukan ', 1, '2017-04-21 09:44:46', 1, 1),
(478, 55, 'cinta itu cahaya sanubari kurniaan tuhan fitrah insani dan di mana terciptalah cintadi situ rindu bermula HASHTAG', 0, '2017-04-21 09:44:46', 1, 1),
(479, 2, 'menyesal tgk JUDULFILM tgh2 mlm ni myy head is throbbing   ', 2, '2017-04-21 09:45:24', 0, 0),
(480, 2, 'di pilkada ini ga ada neh yg jadi JUDULFILM ', 2, '2017-04-21 09:45:24', 0, 0),
(481, 2, 'yah diajak nonton JUDULFILM ternyata udah punya bajakannya di laptop    ', 2, '2017-04-21 09:45:24', 0, 0),
(482, 2, 'pas pelemnya abis gue bengong sambil menggumam anjing anjeng anjerrrrrr   that s so brilliant HASHTAG', 2, '2017-04-21 09:45:24', 0, 0),
(483, 2, 'thank god masih sempat nonton JUDULFILM yang tinggal tayang 1 pertunjukan di 1 bioskop performance nya jessica chastain flawless ', 2, '2017-04-21 09:45:24', 0, 0),
(484, 2, 'buset JUDULFILM tinggal satu kali jam tayang   ', 2, '2017-04-21 09:45:24', 0, 0),
(485, 2, 'USERNAME bikin setres nontonnya hahaha  lalu nonton JUDULFILM ', 2, '2017-04-21 09:45:24', 0, 0),
(486, 2, 'JUDULFILM  movie review bahasa indonesia  URL melalui USERNAME', 2, '2017-04-21 09:45:24', 0, 0),
(487, 2, 'intinya yang belum nonton HASHTAG sm HASHTAG rugi banget banget banget gue aja sampe dateng ke 2 mall demi ngejar last show nya ', 2, '2017-04-21 09:45:24', 0, 0),
(488, 2, 'gue kagak bisa napas nonton JUDULFILM gilaaaakkkkkkkk', 2, '2017-04-21 09:45:24', 0, 0),
(489, 2, 'JUDULFILM jadi menarik bukan karena plotnya tapi karena karakter utamanya yang seru dan jessica chastain yang selalu komit fun city ', 1, '2017-04-21 09:45:24', 1, 1),
(490, 2, 'pantesan si alitta ampe bisa ga tidur     JUDULFILM with alitta and retno   URL', 1, '2017-04-21 09:45:24', 1, 1),
(491, 2, 'yuk nonton film JUDULFILM 2016 URL', 0, '2017-04-21 09:45:24', 1, 1),
(492, 2, 'saya sbnrnya tdk begitu tertarik dgn film2 berbau politik intrik menggelitik metuik          JUDULFILM   URL', 0, '2017-04-21 09:45:24', 1, 1),
(493, 2, 'akting yang memukau dari jessica chastain dengan naskah yang cerdas berisi dan tajam 8 10 URL HASHTAG', 1, '2017-04-21 09:45:24', 1, 1),
(494, 2, 'JUDULFILM ini film pr yang keren ', 0, '2017-04-21 09:45:24', 1, 1),
(495, 2, 'pengen nongton JUDULFILM yg dah cuma tinggal tayang d plasa senayan doangan harga tiketnyah 75 rb wkwkwk  megang bom molotop ', 0, '2017-04-21 09:45:24', 1, 1),
(496, 2, 'USERNAME USERNAME jauh lebih dikit dan JUDULFILM pun ada dialog pembenaran letak indonesia', 1, '2017-04-21 09:45:24', 1, 1),
(497, 2, 'HASHTAG JUDULFILM  drama lobi politik seru penuh bahasa rumit dan karakter utama yg mengerikan kemampuannya j chastain top bgt ', 1, '2017-04-21 09:45:24', 1, 1),
(498, 2, 'film HASHTAG mungkin film amerika yg nyebut kata indonesia terbanyak sampai saat ini ', 1, '2017-04-21 09:45:24', 1, 1),
(499, 2, 'USERNAME nonton deh film JUDULFILM bagus ', 0, '2017-04-21 09:45:24', 1, 1),
(500, 2, 'omagah nonton JUDULFILM deh kece gilaaa tapi buat yang ngga suka drama isinya ngomong doang mending jangan ', 0, '2017-04-21 09:45:24', 1, 1),
(501, 2, 'this thread setuju merinding pas akhir2 film gak nyangka akan kek gitu HASHTAG URL', 1, '2017-04-21 09:45:24', 1, 1),
(502, 2, 'bonus di HASHTAG nama indonesia sering sekali disebut karena salah satu plot film ini adalah tentang indonesia ', 1, '2017-04-21 09:45:24', 1, 1),
(503, 2, ' USERNAME sayang nih HASHTAG gak di puter di bioskop semarang       ', 1, '2017-04-21 09:45:24', 1, 1),
(504, 2, 'it s still on plaza senayan go watch HASHTAG bagus banget aselik drama tegang penuh lika liku seru tanpa ruang buat menye menye   ', 1, '2017-04-21 09:45:24', 1, 1),
(505, 2, 'integral part of HASHTAG selain akting jessica chastain kekuatan cerita dan twist di sana sini ', 0, '2017-04-21 09:45:24', 1, 1),
(506, 2, 'karena perannya yang buagus minta ampun mb jessica chastain dapet nominasi golden globes tapi gak masuk nom oscars   HASHTAG', 1, '2017-04-21 09:45:24', 1, 1),
(507, 2, 'film pertama nih rekomendasi kita ada  fast and furious 8  JUDULFILM   HASHTAG', 0, '2017-04-21 09:45:24', 1, 1),
(508, 2, 'melobi itu melihat kedepan memperkirakan pergerakan lawan dan mengatasinnya  langkah seorang    JUDULFILM   URL', 0, '2017-04-21 09:45:24', 1, 1),
(509, 2, 'USERNAME sapu bersih untunglah masih ada JUDULFILM dan get out', 0, '2017-04-21 09:45:24', 1, 1),
(510, 2, 'gak tau knp gua ttp aja nganggep jessica chastain ini seorang agen cia yg newbie di film zero    JUDULFILM   URL', 1, '2017-04-21 09:45:24', 1, 1),
(511, 2, 'JUDULFILM kesian bgt minggu lalu tiba2 tayang di teater yg sangat terbatas hari ini udah tinggal satu studio aja ', 0, '2017-04-21 09:45:24', 1, 1),
(512, 2, 'maksud eug yang bagus itu JUDULFILM  yaa', 1, '2017-04-21 09:45:24', 1, 1),
(513, 2, 'paslon 2 kalo mau menang butuh earthquake kayak di JUDULFILM sih ', 0, '2017-04-21 09:45:24', 1, 1),
(514, 2, 'film JUDULFILM 2016 sebut indonesia dengan negatifnya mengakali pajak duhhh', 1, '2017-04-21 09:45:24', 1, 1),
(515, 2, 'sang dominant HASHTAG membuat kita menjadi submissive review         URL URL', 0, '2017-04-21 09:45:24', 1, 1),
(516, 2, 'kesel bgt padahal mau ngerasain gimana nonton JUDULFILM di bioskop eh udah kegeser sama film dari franchise overhyped itu', 0, '2017-04-21 09:45:24', 1, 1),
(517, 2, 'yg cakep dr HASHTAG selain JUDULFILMnya ya cara membangun konflik dan emosi penonton mau spoiler tp tar gue disambit netizen hhhhh ', 1, '2017-04-21 09:45:24', 1, 1),
(518, 2, 'gue narik napas aja tuh rasanya dialognya dah bahas hal yg berbeda apa mungkin gue aja yang lemot ya HASHTAG', 1, '2017-04-21 09:45:24', 1, 1),
(519, 2, 'tapi ga boong ya lima belas menit pertama HASHTAG gue bengong soalnya gue kurang baca john grisham dan percakapannya tuh cepet banget ', 1, '2017-04-21 09:45:24', 1, 1),
(520, 2, 'film terbaiknya jessica chastain ya sejauh ini yg gue tonton ya HASHTAG gugu mbatha raw juga gue suka disini ', 1, '2017-04-21 09:45:24', 1, 1),
(521, 2, 'jessica chastain pas banget memerankan madeline elizabeth sloane yang cantik pinter seksi ambisius dan gila hahahaha HASHTAG', 1, '2017-04-21 09:45:24', 1, 1),
(522, 2, 'resek ya gue kayak mendahului takdir filmnya HASHTAG pakek segala bilang udah tau filmnya bakal bagus hhhhhhh ', 1, '2017-04-21 09:45:24', 1, 1),
(523, 2, 'habis gimana emang HASHTAG sebagus itu sih padahal gue udah mewanti wanti supaya ngga terlalu kaget krn ceritanya pasti bagus ya ', 0, '2017-04-21 09:45:24', 1, 1),
(524, 2, 'sejak HASHTAG malem ini HASHTAG punya saingan  salim ', 0, '2017-04-21 09:45:24', 1, 1),
(525, 98, 'HASHTAG english3d HASHTAG malayalam HASHTAG tamil URL', 2, '2017-04-21 09:45:43', 0, 0),
(526, 98, 'HASHTAG   layan animasi sat   ', 2, '2017-04-21 09:45:43', 0, 0),
(527, 98, 'day    JUDULFILM w ima alfathar dzeko wiranata  amp arjuna van persie sastranegara at USERNAME   URL', 2, '2017-04-21 09:45:43', 0, 0),
(528, 98, 'HASHTAG  JUDULFILM  naskhah sudut pandang wanita URL', 2, '2017-04-21 09:45:43', 0, 0),
(529, 98, 'bilunyuh  emeeezh     JUDULFILM   URL', 2, '2017-04-21 09:45:43', 0, 0),
(530, 98, 'full animasi JUDULFILM yang bikin penasaran URL', 2, '2017-04-21 09:45:43', 0, 0),
(531, 98, '  JUDULFILM  naskhah sudut pandang wanita URL via USERNAME', 2, '2017-04-21 09:45:43', 0, 0),
(532, 98, 'efek nggak ada gawean   JUDULFILM   URL', 2, '2017-04-21 09:45:43', 0, 0),
(533, 98, 'sebelum ke panggung baca dulu ulasan ni agar tak menyesal URL via USERNAME', 2, '2017-04-21 09:45:43', 0, 0),
(534, 98, 'nak tengok JUDULFILM hehehe comel betullah smurfs ni', 2, '2017-04-21 09:45:43', 0, 0),
(535, 98, 'JUDULFILM tentu menjadi spesial bagi penonton muda walau film ini tidak lebih dari sebuah kartun seri  URL', 0, '2017-04-21 09:45:43', 1, 1),
(536, 98, 'iseng nonton y bginian  mau nonton ff8 lg males  nungguin donlotan y aja buat    JUDULFILM   URL', 0, '2017-04-21 09:45:43', 1, 1),
(537, 98, 'bawak anak menakan mai tgok wayang bg depa happy   watching JUDULFILM in 3d at tgv the mines URL', 1, '2017-04-21 09:45:43', 1, 1),
(538, 98, 'obatnya dengerin lagu ini           i  m a lady from JUDULFILM by meghan trainor   URL', 0, '2017-04-21 09:45:43', 1, 1),
(539, 98, 'pesan moralnya  kalau kita baik maka kebaikan juga yg akan datang     JUDULFILM   URL', 1, '2017-04-21 09:45:43', 1, 1),
(540, 98, 'mending fast and furious 8 or danur or JUDULFILM pls this week banyak film seru tp cuma bisa besok perginya  reply asap pls', 1, '2017-04-21 09:45:44', 1, 1),
(541, 98, 'sayang nangis sbb smurfette mati     nasib hidup balik happy dia   HASHTAG', 1, '2017-04-21 09:45:44', 1, 1),
(542, 98, 'film rekomendasi smart mama smurf the lost village URL URL', 1, '2017-04-21 09:45:44', 1, 1),
(543, 98, 'anyone ade tak yang dah tengok movie JUDULFILM  best tak  ', 1, '2017-04-21 09:45:44', 1, 1),
(544, 98, 'HASHTAG tak mampu saingi HASHTAG rekap box office  URL URL', 1, '2017-04-21 09:45:44', 1, 1),
(545, 98, 'HASHTAG with USERNAME dapatkan hadiah toy box berikut ini URL URL', 0, '2017-04-21 09:45:44', 1, 1),
(546, 98, 'mcm budok2 je tapi gok hilang stress      HASHTAG URL', 0, '2017-04-21 09:45:44', 1, 1),
(547, 98, 'smart viewers ini dia HASHTAG USERNAME yang sangat terinspirasi dari HASHTAG USERNAME  URL', 1, '2017-04-21 09:45:44', 1, 1),
(548, 119, 'lock buat editing bts HASHTAG amp pensil tayang sabtu di trans   w oke luqman  amp 3 others at md entertainment  pic   URL', 2, '2017-04-21 09:46:11', 0, 0),
(549, 119, 'HASHTAG amp pensil      with lutfiahkarenina dian and aulia at USERNAME   URL', 2, '2017-04-21 09:46:11', 0, 0),
(550, 119, 'HASHTAG dan HASHTAG amp pensil menunggu giliran setelah makan ', 2, '2017-04-21 09:46:11', 0, 0),
(551, 119, 'stip amp pencil   kerennn       apalagi sama      HASHTAG amp pensil HASHTAG  URL', 2, '2017-04-21 09:46:11', 0, 0),
(552, 119, 'jones mah nontonnya sendiri aja     HASHTAG amp pinsil HASHTAG HASHTAG HASHTAG HASHTAG     URL', 2, '2017-04-21 09:46:11', 0, 0),
(553, 119, 'nonton dlu kaka HASHTAG amp pensil URL', 2, '2017-04-21 09:46:11', 0, 0),
(554, 119, 'rt USERNAME dari subuh ak baru melek mata banyak tmn bertanya menelpon brp jmlh pnton hr pertm HASHTAG 57 202 n HASHTAG amp pensil 35 000  ', 1, '2017-04-21 09:46:11', 1, 1),
(555, 119, 'rt USERNAME filmny koh USERNAME emang slalu menghibur     HASHTAG amp pensil', 1, '2017-04-21 09:46:11', 1, 1),
(556, 119, 'seru nonton film HASHTAG dan pensil terbaru USERNAME  d kocak abis pokoknya  d', 1, '2017-04-21 09:46:11', 1, 1),
(557, 119, 'HASHTAG amp pensil menyimpan relevansi kisah di balik kemasan komedi yang menggelitik meski kurang  URL', 1, '2017-04-21 09:46:11', 1, 1),
(558, 119, 'rt USERNAME nampaknya md akn bikin hattrick 3 film sukses bruntun thn 2017 stelah drama HASHTAG horor HASHTAG mnyusul HASHTAG amp pens  ', 0, '2017-04-21 09:46:11', 1, 1),
(559, 119, 'dari subuh ak baru melek mata banyak tmn bertanya menelpon brp jmlh pnton hr pertm HASHTAG 57 202 n HASHTAG amp pensil 35 000 ayo ke bioskop ', 1, '2017-04-21 09:46:11', 1, 1),
(560, 119, 'kalau saja konklusinya tdk seperti itu HASHTAG amp pensil adalah sesuatu lucu yg baru hampir suka   ', 0, '2017-04-21 09:46:11', 1, 1),
(561, 119, 'gapapa de ahok kalah  nonton temennya aja   USERNAME HASHTAG amp pensil HASHTAG URL', 0, '2017-04-21 09:46:11', 1, 1),
(562, 119, 'tatjanasaphira 19 sejak debutnya HASHTAG 2013 makin berkilau dlm 7 flm unjuk akting sbg bubu siswi cantik manis telmi di HASHTAG amp pensil', 1, '2017-04-21 09:46:11', 1, 1),
(563, 119, 'rbu 19 4 hari libur pilkada 2 jadi usai nyoblos pilihan hati nurani kita ada 2 film top di bioskop biopic HASHTAG n komedi HASHTAG amp pensil', 1, '2017-04-21 09:46:11', 1, 1),
(564, 119, 'nampaknya md akn bikin hattrick 3 film sukses bruntun thn 2017 stelah drama HASHTAG horor HASHTAG mnyusul HASHTAG amp pensil kpn actionnya ', 0, '2017-04-21 09:46:11', 1, 1),
(565, 119, '4 siswa kaya membina sekolah darurat utk mengajar baca tulis anak2 jalanan penghuni kolong jembatan HASHTAG amp pensil lucu amp menghibur dg cerdas', 1, '2017-04-21 09:46:11', 1, 1),
(566, 119, 'rt USERNAME 629 taruna taruni stip mendapatkan pelatihan motivasi dari prof rhenald kasali tau dong ya HASHTAG HASHTAG URL', 0, '2017-04-21 09:46:11', 1, 1),
(567, 119, 'rt USERNAME kira2 mana akan lebih banyak penontonnya pd hari pertama film biopic HASHTAG atau komedi HASHTAG amp pensil yg tayang berbaren  ', 0, '2017-04-21 09:46:11', 1, 1),
(568, 119, 'kira2 mana akan lebih banyak penontonnya pd hari pertama film biopic HASHTAG atau komedi HASHTAG amp pensil yg tayang berbareng rbu 19 4 2017 ', 0, '2017-04-21 09:46:11', 1, 1),
(569, 119, 'rabu 19 4 setelah warga dki mencoblos ayo ke bioskop ada 2 pilihan biopic pahlawan wanita HASHTAG n komedi pendidikan cerdas HASHTAG amp pensil', 1, '2017-04-21 09:46:11', 1, 1),
(570, 119, 'rt USERNAME pemenang HASHTAG HASHTAG perdana ayufibi  thanks for posting  stip makin kece bukan  URL', 0, '2017-04-21 09:46:11', 1, 1),
(571, 119, 'karena mengabdi bagi sesama itu baik HASHTAG HASHTAG HASHTAG HASHTAG HASHTAG URL', 1, '2017-04-21 09:46:11', 1, 1),
(572, 3, 'terniat nonton ini sendiri     JUDULFILM at USERNAME   URL', 2, '2017-04-21 09:46:52', 0, 0),
(573, 3, 'lanjut   JUDULFILM at kaputren ms   URL', 2, '2017-04-21 09:46:52', 0, 0),
(574, 3, 'kocakkk           JUDULFILM with rznrlfdhl   URL', 2, '2017-04-21 09:46:52', 0, 0),
(575, 3, 'ngakak so hard     JUDULFILM   URL', 2, '2017-04-21 09:46:52', 0, 0),
(576, 3, 'tak rasa nktgk sgt ff8 tp teringin nk tgk JUDULFILM lg', 2, '2017-04-21 09:46:52', 0, 0),
(577, 3, 'sudah terlebih dahulu y gaes     JUDULFILM with kemala and rosalinda ruswandi   URL', 2, '2017-04-21 09:46:52', 0, 0),
(578, 3, 'JUDULFILM movie bykon oki', 2, '2017-04-21 09:46:52', 0, 0),
(579, 3, 'JUDULFILM udah ada bluray nyah ngahaha', 2, '2017-04-21 09:46:52', 0, 0),
(580, 3, 'imajinasi tingkat dewaaa    JUDULFILM   URL', 2, '2017-04-21 09:46:52', 0, 0),
(581, 3, 'yuhuu   JUDULFILM   URL', 2, '2017-04-21 09:46:52', 0, 0),
(582, 3, '  finally yg dinanti2  thx moo       JUDULFILM with dwikecil   URL', 2, '2017-04-21 09:46:52', 0, 0),
(583, 3, 'JUDULFILM     imax novo cinema in qatar w USERNAME URL', 2, '2017-04-21 09:46:52', 0, 0),
(584, 3, 'wkwkw   JUDULFILM with feri   URL', 2, '2017-04-21 09:46:52', 0, 0),
(585, 3, 'at HASHTAG with elghali USERNAME       allah yastr men elez3aaaj  ', 2, '2017-04-21 09:46:52', 0, 0),
(586, 3, 'pengen nonton JUDULFILM jugak   URL', 2, '2017-04-21 09:46:52', 0, 0),
(587, 3, 'nemenin ajalah   JUDULFILM   URL', 2, '2017-04-21 09:46:52', 0, 0),
(588, 3, 'JUDULFILM  golden screen cinemas gsc  USERNAME in subang jaya selangor URL', 2, '2017-04-21 09:46:52', 0, 0),
(589, 3, 'ngebujuk meren ah     JUDULFILM with azrieldaru   URL', 2, '2017-04-21 09:46:52', 0, 0),
(590, 3, 'JUDULFILM ni taknak pulak dia keluar kat facebook   ', 2, '2017-04-21 09:46:52', 0, 0),
(591, 3, 'nonton diriku sendiri     JUDULFILM with ramadhani at USERNAME   URL', 2, '2017-04-21 09:46:52', 0, 0),
(592, 3, 'menit ke 40 si anak bayik bobok padahal tadinya ngekek2 nonton    JUDULFILM w fajar at suite room 385   URL', 2, '2017-04-21 09:46:52', 0, 0),
(593, 3, 'telegraaf  JUDULFILM       URL', 2, '2017-04-21 09:46:52', 0, 0),
(594, 3, 'i m the boss wkwkwkw   JUDULFILM with eza and ayana at USERNAME   URL', 2, '2017-04-21 09:46:52', 0, 0),
(595, 3, 'ngeselin tapi kyut      JUDULFILM with euis h at xxi festival citylink   URL', 2, '2017-04-21 09:46:52', 0, 0),
(596, 3, 'we hate each other  JUDULFILM sedang tayang di bioskop indonesia   HASHTAG  URL', 2, '2017-04-21 09:46:52', 0, 0),
(597, 3, 'pantat bayinya semok          JUDULFILM   URL', 2, '2017-04-21 09:46:52', 0, 0),
(598, 3, 'sambung lagi JUDULFILM', 2, '2017-04-21 09:46:52', 0, 0),
(599, 3, 'luucccuukk     JUDULFILM   URL', 2, '2017-04-21 09:46:52', 0, 0),
(600, 3, 'anjir bayi nya bisa ngomong wkwk   JUDULFILM   URL', 2, '2017-04-21 09:46:52', 0, 0),
(601, 3, 'JUDULFILM   mbo cinemas in subang jaya selangor URL', 2, '2017-04-21 09:46:52', 0, 0),
(602, 3, 'JUDULFILM     mbo cinemas in subang jaya selangor URL', 2, '2017-04-21 09:46:52', 0, 0),
(603, 3, 'keturutan     JUDULFILM at USERNAME   URL', 2, '2017-04-21 09:46:52', 0, 0),
(604, 3, 'USERNAME seronok je layan movie JUDULFILM tadi hahah tak fikir nak pi check jadual pun', 2, '2017-04-21 09:46:52', 0, 0),
(605, 3, '     JUDULFILM with mawadah and deajeng   URL', 2, '2017-04-21 09:46:52', 0, 0),
(606, 3, 'ala takde sape nak teman tgk JUDULFILM   ', 2, '2017-04-21 09:46:52', 0, 0),
(607, 3, 'sebelum berangkat     JUDULFILM with ridho valent   URL', 2, '2017-04-21 09:46:52', 0, 0),
(608, 3, 'siapa yang sudah nonton HASHTAG di cinemaxx masih punya tiketnya ikutan kuisnya di facebook dan instagram yuk  URL', 2, '2017-04-21 09:46:52', 0, 0),
(609, 3, 'yain aja     JUDULFILM at rumahlah    URL', 2, '2017-04-21 09:46:52', 0, 0),
(610, 3, 'ucul anet bikin gemay dah ah wkwk       JUDULFILM   URL', 2, '2017-04-21 09:46:52', 0, 0),
(611, 3, '     JUDULFILM at kementrian pu pr bws k iii kaltim   URL', 2, '2017-04-21 09:46:52', 0, 0),
(612, 3, 'USERNAME awk nak tgk JUDULFILM tak kat cinema          ', 2, '2017-04-21 09:46:52', 0, 0),
(613, 3, 'watching JUDULFILM at pt jalantol lingkarluar jakarta  pt jlj  jorr head office    URL', 2, '2017-04-21 09:46:52', 0, 0),
(614, 3, 'menggemaskan dan seruu banget nih boss baby yang satu ini kamu harus tonton film nya JUDULFILM masih tayang d  URL', 0, '2017-04-21 09:46:52', 1, 1),
(615, 3, 'ini 6 pelajaran karier dari film JUDULFILM yang akan buat kamu lebih dewasa USERNAME URL', 0, '2017-04-21 09:46:52', 1, 1),
(616, 3, 'cerita marla frazee tentang inspirasi di balik buku JUDULFILM URL via USERNAME', 1, '2017-04-21 09:46:52', 1, 1),
(617, 3, 'cerita marla frazee tentang inspirasi di balik buku JUDULFILM URL URL', 1, '2017-04-21 09:46:52', 1, 1),
(618, 3, 'cerita marla frazee tentang inspirasi di balik buku JUDULFILM  penulis marla frazee menceritakan kisah di    URL', 1, '2017-04-21 09:46:52', 1, 1),
(619, 3, 'cerita marla frazee tentang inspirasi di balik buku JUDULFILM URL', 1, '2017-04-21 09:46:52', 1, 1),
(620, 3, 'jangan penista agama cerita marla frazee tentang inspirasi di balik buku JUDULFILM URL URL', 1, '2017-04-21 09:46:52', 1, 1),
(621, 3, ' JUDULFILM  ketika bayi lucu ingin memimpin perusahaan URL', 1, '2017-04-21 09:46:52', 1, 1),
(622, 3, 'stream   JUDULFILM at griya wisata indah   URL', 1, '2017-04-21 09:46:52', 1, 1),
(623, 3, 'pembaruan JUDULFILM 2017 URL', 0, '2017-04-21 09:46:52', 1, 1),
(624, 3, 'USERNAME pegi la tengok wayang  cite JUDULFILM', 1, '2017-04-21 09:46:52', 1, 1),
(625, 3, 'JUDULFILM dengan animasi berwarna amp lelucon yang tak menarik film dengan premis buruk ini tak punya ramuan spe  URL', 0, '2017-04-21 09:46:53', 1, 1),
(626, 3, 'yg jomblo mah nntn rumah aja    JUDULFILM with yolanda   URL', 0, '2017-04-21 09:46:53', 1, 1),
(627, 3, 'terima kasih sudah berbagi opini tentang JUDULFILM USERNAME dan USERNAME  HASHTAG URL', 1, '2017-04-21 09:46:53', 1, 1),
(628, 3, 'pokoknya bersama hati yang rapuh       JUDULFILM with you at cgv blitz mall of indonesia   URL', 1, '2017-04-21 09:46:53', 1, 1),
(629, 3, 'lucu kayanya nih     JUDULFILM with elsa azriel and azka at USERNAME   URL', 1, '2017-04-21 09:46:53', 1, 1),
(630, 3, 'JUDULFILM  tgv cinemas in kuala lumpur URL', 0, '2017-04-21 09:46:53', 1, 1),
(631, 3, 'kocak asli     JUDULFILM   URL', 1, '2017-04-21 09:46:53', 1, 1),
(632, 3, 'lucu banget si emesssshh deh         JUDULFILM at USERNAME   URL', 0, '2017-04-21 09:46:53', 1, 1),
(633, 3, 'lucu banget si emesssssh         JUDULFILM at USERNAME   URL', 0, '2017-04-21 09:46:53', 1, 1),
(634, 3, 'bayinya imut         jadi kapan kita punya bayi    JUDULFILM w maissie melda  amp jennipher at USERNAME   URL', 0, '2017-04-21 09:46:53', 1, 1),
(635, 3, 'mblo amat mblo   JUDULFILM at perumnas teluk   URL', 1, '2017-04-21 09:46:53', 1, 1),
(636, 3, 'yah smurf nya dah habis   watching JUDULFILM at xxi cinema ciputa world URL', 1, '2017-04-21 09:46:53', 1, 1),
(637, 3, 'kehadiran seorang bayi biasanya disambut gembira oleh keluarga namun apa jadinya jika seorang bayi justru menjad  URL', 1, '2017-04-21 09:46:53', 1, 1),
(638, 3, 'menghibur diri         JUDULFILM at USERNAME   URL', 1, '2017-04-21 09:46:53', 1, 1),
(639, 3, 'USERNAME JUDULFILM studio 3 plaza bogor 2 sound mendem br jln 15 mnt distop info perbaikan 5 mnt ini udah 30 mnt gk kelar2', 1, '2017-04-21 09:46:53', 1, 1),
(640, 3, 'jam segini udh stand by depan stasiun kereta cisaat mau ngasuh adik dan ke4 temennya mau nonton JUDULFILM USERNAME ', 0, '2017-04-21 09:46:53', 1, 1),
(641, 3, 'dengerin apa kata si cebol    HASHTAG URL', 0, '2017-04-21 09:46:53', 1, 1),
(642, 3, 'dalam perjalanan gw temukan ada juga orang dewasa suka nonton JUDULFILM      tapi via handphone sdh   pic   URL', 1, '2017-04-21 09:46:53', 1, 1),
(643, 3, 'ay baru tengok JUDULFILM shoooo kiut        ', 0, '2017-04-21 09:46:53', 1, 1),
(644, 3, 'sedih gak cite JUDULFILM ni  hukhuk', 0, '2017-04-21 09:46:53', 1, 1),
(645, 3, 'terniat nonton ini sendiri     JUDULFILM at USERNAME   URL', 2, '2017-04-21 09:46:54', 0, 0),
(646, 3, 'lanjut   JUDULFILM at kaputren ms   URL', 2, '2017-04-21 09:46:54', 0, 0),
(647, 3, 'kocakkk           JUDULFILM with rznrlfdhl   URL', 2, '2017-04-21 09:46:55', 0, 0),
(648, 3, 'ngakak so hard     JUDULFILM   URL', 2, '2017-04-21 09:46:55', 0, 0),
(649, 3, 'tak rasa nktgk sgt ff8 tp teringin nk tgk JUDULFILM lg', 2, '2017-04-21 09:46:55', 0, 0),
(650, 3, 'sudah terlebih dahulu y gaes     JUDULFILM with kemala and rosalinda ruswandi   URL', 2, '2017-04-21 09:46:55', 0, 0),
(651, 3, 'JUDULFILM movie bykon oki', 2, '2017-04-21 09:46:55', 0, 0),
(652, 3, 'JUDULFILM udah ada bluray nyah ngahaha', 2, '2017-04-21 09:46:55', 0, 0),
(653, 3, 'imajinasi tingkat dewaaa    JUDULFILM   URL', 2, '2017-04-21 09:46:55', 0, 0),
(654, 3, 'yuhuu   JUDULFILM   URL', 2, '2017-04-21 09:46:55', 0, 0),
(655, 3, '  finally yg dinanti2  thx moo       JUDULFILM with dwikecil   URL', 2, '2017-04-21 09:46:55', 0, 0),
(656, 3, 'JUDULFILM     imax novo cinema in qatar w USERNAME URL', 2, '2017-04-21 09:46:55', 0, 0),
(657, 3, 'wkwkw   JUDULFILM with feri   URL', 2, '2017-04-21 09:46:55', 0, 0),
(658, 3, 'at HASHTAG with elghali USERNAME       allah yastr men elez3aaaj  ', 2, '2017-04-21 09:46:55', 0, 0),
(659, 3, 'pengen nonton JUDULFILM jugak   URL', 2, '2017-04-21 09:46:55', 0, 0),
(660, 3, 'nemenin ajalah   JUDULFILM   URL', 2, '2017-04-21 09:46:55', 0, 0),
(661, 3, 'JUDULFILM  golden screen cinemas gsc  USERNAME in subang jaya selangor URL', 2, '2017-04-21 09:46:55', 0, 0),
(662, 3, 'ngebujuk meren ah     JUDULFILM with azrieldaru   URL', 2, '2017-04-21 09:46:55', 0, 0),
(663, 3, 'JUDULFILM ni taknak pulak dia keluar kat facebook   ', 2, '2017-04-21 09:46:55', 0, 0),
(664, 3, 'nonton diriku sendiri     JUDULFILM with ramadhani at USERNAME   URL', 2, '2017-04-21 09:46:55', 0, 0),
(665, 3, 'menit ke 40 si anak bayik bobok padahal tadinya ngekek2 nonton    JUDULFILM w fajar at suite room 385   URL', 2, '2017-04-21 09:46:55', 0, 0),
(666, 3, 'telegraaf  JUDULFILM       URL', 2, '2017-04-21 09:46:55', 0, 0),
(667, 3, 'i m the boss wkwkwkw   JUDULFILM with eza and ayana at USERNAME   URL', 2, '2017-04-21 09:46:55', 0, 0),
(668, 3, 'ngeselin tapi kyut      JUDULFILM with euis h at xxi festival citylink   URL', 2, '2017-04-21 09:46:55', 0, 0),
(669, 3, 'we hate each other  JUDULFILM sedang tayang di bioskop indonesia   HASHTAG  URL', 2, '2017-04-21 09:46:55', 0, 0),
(670, 3, 'pantat bayinya semok          JUDULFILM   URL', 2, '2017-04-21 09:46:55', 0, 0),
(671, 3, 'sambung lagi JUDULFILM', 2, '2017-04-21 09:46:55', 0, 0),
(672, 3, 'luucccuukk     JUDULFILM   URL', 2, '2017-04-21 09:46:55', 0, 0),
(673, 3, 'anjir bayi nya bisa ngomong wkwk   JUDULFILM   URL', 2, '2017-04-21 09:46:55', 0, 0),
(674, 3, 'JUDULFILM   mbo cinemas in subang jaya selangor URL', 2, '2017-04-21 09:46:55', 0, 0),
(675, 3, 'JUDULFILM     mbo cinemas in subang jaya selangor URL', 2, '2017-04-21 09:46:55', 0, 0),
(676, 3, 'keturutan     JUDULFILM at USERNAME   URL', 2, '2017-04-21 09:46:55', 0, 0),
(677, 3, 'USERNAME seronok je layan movie JUDULFILM tadi hahah tak fikir nak pi check jadual pun', 2, '2017-04-21 09:46:55', 0, 0),
(678, 3, '     JUDULFILM with mawadah and deajeng   URL', 2, '2017-04-21 09:46:55', 0, 0),
(679, 3, 'ala takde sape nak teman tgk JUDULFILM   ', 2, '2017-04-21 09:46:55', 0, 0),
(680, 3, 'sebelum berangkat     JUDULFILM with ridho valent   URL', 2, '2017-04-21 09:46:55', 0, 0),
(681, 3, 'siapa yang sudah nonton HASHTAG di cinemaxx masih punya tiketnya ikutan kuisnya di facebook dan instagram yuk  URL', 2, '2017-04-21 09:46:55', 0, 0),
(682, 3, 'yain aja     JUDULFILM at rumahlah    URL', 2, '2017-04-21 09:46:55', 0, 0),
(683, 3, 'ucul anet bikin gemay dah ah wkwk       JUDULFILM   URL', 2, '2017-04-21 09:46:55', 0, 0),
(684, 3, '     JUDULFILM at kementrian pu pr bws k iii kaltim   URL', 2, '2017-04-21 09:46:55', 0, 0),
(685, 3, 'USERNAME awk nak tgk JUDULFILM tak kat cinema          ', 2, '2017-04-21 09:46:55', 0, 0),
(686, 3, 'watching JUDULFILM at pt jalantol lingkarluar jakarta  pt jlj  jorr head office    URL', 2, '2017-04-21 09:46:55', 0, 0),
(687, 12, 'USERNAME USERNAME USERNAME USERNAME mantappp JUDULFILM official gw nanti jadi daepyonimnya yak', 2, '2017-04-21 09:49:42', 0, 0),
(688, 12, 'USERNAME USERNAME USERNAME USERNAME gw gak nyangka JUDULFILM se pemes ini jadi terharu', 2, '2017-04-21 09:49:42', 0, 0),
(689, 12, 'USERNAME arti JUDULFILM apaan ', 2, '2017-04-21 09:49:43', 0, 0),
(690, 12, 'ao sejak kapan kamu join JUDULFILM xd URL', 2, '2017-04-21 09:49:43', 0, 0),
(691, 12, 'USERNAME aku belum bilang ya skrg aku join JUDULFILM', 2, '2017-04-21 09:49:43', 0, 0),
(692, 12, 'HASHTAG  HASHTAG  USERNAME  USERNAME  49 000  pesan 085793042909 sms wa USERNAME URL', 2, '2017-04-21 09:49:43', 0, 0),
(693, 12, 'gatau mau ngetik apa lagi wkwkwk cuma mau mengutarakan perasaan ini saja nyay wkwk salam JUDULFILM   d  HASHTAG', 2, '2017-04-21 09:49:43', 0, 0),
(694, 12, 'USERNAME kemudian rekrut mereka ke JUDULFILM  ', 2, '2017-04-21 09:49:43', 0, 0),
(695, 12, 'USERNAME nonton JUDULFILM ae ci wkwk', 2, '2017-04-21 09:49:43', 0, 0),
(696, 12, 'USERNAME JUDULFILM yha ', 2, '2017-04-21 09:49:43', 0, 0),
(697, 12, 'HASHTAG  HASHTAG  USERNAME  USERNAME  49 000  pesan 085793042909 sms wa USERNAME URL', 2, '2017-04-21 09:49:43', 0, 0),
(698, 12, 'aku mau daftar jadi member baru JUDULFILM jha  ', 0, '2017-04-21 09:49:43', 1, 1),
(699, 12, 'jadi inget pas nonton JUDULFILM USERNAME   lagu antiq   the panas dalam  jane URL', 1, '2017-04-21 09:49:43', 1, 1),
(700, 12, 'USERNAME kamu udah JUDULFILM malas godain lagi jadinya ', 0, '2017-04-21 09:49:43', 1, 1),
(701, 12, 'film JUDULFILM kisahnya menceritakan kota bandung mendadak geger oleh adanya beberapa pemuda yang terpaksa meninggalka  URL', 1, '2017-04-21 09:49:43', 1, 1),
(702, 12, 'USERNAME USERNAME USERNAME USERNAME kalo lebih dari 10 gua jadiin official jg nih JUDULFILM wkwkw', 0, '2017-04-21 09:49:43', 1, 1),
(703, 12, 'USERNAME USERNAME selamat datang di JUDULFILM d', 0, '2017-04-21 09:49:43', 1, 1),
(704, 12, 'USERNAME but its JUDULFILM d barisan anti cinta dan asmara  ', 0, '2017-04-21 09:49:44', 1, 1),
(705, 12, 'hidup JUDULFILM  barisan anti cinta asmara       URL', 1, '2017-04-21 09:49:44', 1, 1),
(706, 12, 'USERNAME unch bang dean gak nyangka loh gw selama ini lu ternyata cuma sisa kuah cakwe  lope JUDULFILM terhura gw bang USERNAME', 0, '2017-04-21 09:49:44', 1, 1),
(707, 12, 'baru sadar ada tulisan JUDULFILM nya d URL', 0, '2017-04-21 09:49:44', 1, 1),
(708, 12, 'gua kan bukan JUDULFILM URL', 0, '2017-04-21 09:49:44', 1, 1),
(709, 12, 'barisan anti cinta asmara JUDULFILM group lelaki anti perempuan kerana yang menakutkan itu semuanya perempuan hantu jugak perempuan   ', 1, '2017-04-21 09:49:44', 1, 1),
(710, 12, 'lucu bgt pingin bawa pulang  USERNAME pidi baiq buka bukaan soal film JUDULFILM URL via USERNAME', 1, '2017-04-21 09:49:44', 1, 1),
(711, 12, 'rawani ding aku kae aku ndelok cuplikane pas bar nonton JUDULFILM medeni marai kaget URL', 0, '2017-04-21 09:49:45', 1, 1),
(712, 12, 'yah sebenernya JUDULFILM itu dari bahasa apa sih selain akronim dari barisan remaja anti cinta asmara ya  USERNAME', 0, '2017-04-21 09:49:45', 1, 1),
(713, 12, 'yah aduh saya ketinggalan pembaharuan berita perkembangan JUDULFILM masih tayang kah USERNAME', 0, '2017-04-21 09:49:45', 1, 1);

-- --------------------------------------------------------

--
-- Table structure for table `user`
--

CREATE TABLE `user` (
  `email` varchar(256) NOT NULL COMMENT 'cannot be changed',
  `password` varchar(256) NOT NULL,
  `name` varchar(256) NOT NULL,
  `birthdate` date DEFAULT NULL,
  `picture` varchar(256) DEFAULT './pictures/default.png',
  `role` tinyint(1) NOT NULL DEFAULT '1' COMMENT '1 for user, 0 for admin'
) ENGINE=InnoDB DEFAULT CHARSET=latin1;

--
-- Dumping data for table `user`
--

INSERT INTO `user` (`email`, `password`, `name`, `birthdate`, `picture`, `role`) VALUES
('admin@abcmovies.co.id', '21232f297a57a5a743894a0e4a801fc3', 'Admin of ABCMovies', '1995-12-25', './pictures/1488602184adm.png', 0),
('meloniaseven@gmail.com', '3e4063d6f38d738b1e6608a2c1f119d8', 'Melania Laniwati', '1995-02-07', './pictures/1488602110mel.jpg', 1),
('scooby@gmail.com', '38371fef7d829c7f8b0e2fedf7a04334', 'Scooby Doo', '1992-01-03', './pictures/1488602156sco.jpg', 1);

--
-- Indexes for dumped tables
--

--
-- Indexes for table `banner`
--
ALTER TABLE `banner`
  ADD PRIMARY KEY (`id`);

--
-- Indexes for table `film`
--
ALTER TABLE `film`
  ADD PRIMARY KEY (`id`);

--
-- Indexes for table `review`
--
ALTER TABLE `review`
  ADD PRIMARY KEY (`id`),
  ADD KEY `fk_review_film_id` (`film_id`),
  ADD KEY `fk_review_email` (`email`);

--
-- Indexes for table `tweets`
--
ALTER TABLE `tweets`
  ADD PRIMARY KEY (`id`),
  ADD KEY `fk_tweets_film_id` (`film_id`);

--
-- Indexes for table `user`
--
ALTER TABLE `user`
  ADD PRIMARY KEY (`email`);

--
-- AUTO_INCREMENT for dumped tables
--

--
-- AUTO_INCREMENT for table `banner`
--
ALTER TABLE `banner`
  MODIFY `id` int(11) NOT NULL AUTO_INCREMENT, AUTO_INCREMENT=16;
--
-- AUTO_INCREMENT for table `film`
--
ALTER TABLE `film`
  MODIFY `id` int(11) NOT NULL AUTO_INCREMENT, AUTO_INCREMENT=132;
--
-- AUTO_INCREMENT for table `review`
--
ALTER TABLE `review`
  MODIFY `id` int(11) NOT NULL AUTO_INCREMENT, AUTO_INCREMENT=15;
--
-- AUTO_INCREMENT for table `tweets`
--
ALTER TABLE `tweets`
  MODIFY `id` int(11) NOT NULL AUTO_INCREMENT, AUTO_INCREMENT=714;
--
-- Constraints for dumped tables
--

--
-- Constraints for table `review`
--
ALTER TABLE `review`
  ADD CONSTRAINT `fk_review_email` FOREIGN KEY (`email`) REFERENCES `user` (`email`),
  ADD CONSTRAINT `fk_review_film_id` FOREIGN KEY (`film_id`) REFERENCES `film` (`id`);

--
-- Constraints for table `tweets`
--
ALTER TABLE `tweets`
  ADD CONSTRAINT `fk_tweets_film_id` FOREIGN KEY (`film_id`) REFERENCES `film` (`id`);

/*!40101 SET CHARACTER_SET_CLIENT=@OLD_CHARACTER_SET_CLIENT */;
/*!40101 SET CHARACTER_SET_RESULTS=@OLD_CHARACTER_SET_RESULTS */;
/*!40101 SET COLLATION_CONNECTION=@OLD_COLLATION_CONNECTION */;
